[
{
  "model": "flota.colectivo",
  "pk": 16,
  "fields": {
    "created_at": "2026-02-19T07:01:18.495Z",
    "updated_at": "2026-02-26T01:21:47.026Z",
    "interno": 1,
    "dominio": "KIL598",
    "anio_modelo": 2011,
    "marca": "M. Benz",
    "modelo": "1800DD",
    "numero_chasis": null,
    "carroceria_marca": "",
    "revision_tecnica_vto": null,
    "matafuego_vto": "2026-02-28",
    "matafuego_1_vto": "2026-02-28",
    "matafuego_2_vto": "2026-02-28",
    "matafuego_ult_control": "2026-02-25",
    "odometro_km": null,
    "odometro_fecha": null,
    "aceite_intervalo_km": null,
    "aceite_ultimo_cambio_km": null,
    "aceite_ultimo_cambio_fecha": null,
    "aceite_obs": "",
    "filtros_intervalo_km": null,
    "filtros_ultimo_cambio_km": null,
    "filtros_ultimo_cambio_fecha": null,
    "filtros_obs": "",
    "limpieza_ultima_fecha": null,
    "limpieza_realizada_por": "",
    "limpieza_obs": "",
    "tiene_gps": false,
    "usa_biodiesel": true,
    "tipo_servicio": "MEDIA_DISTANCIA",
    "jurisdiccion": "Chaco",
    "estado": "ACTIVO",
    "observaciones": "",
    "is_active": true,
    "matafuego_vencimiento_2": "2026-02-28"
  }
},
{
  "model": "flota.colectivo",
  "pk": 17,
  "fields": {
    "created_at": "2026-02-19T07:01:18.501Z",
    "updated_at": "2026-02-25T05:37:21.093Z",
    "interno": 2,
    "dominio": "KGS987",
    "anio_modelo": 2011,
    "marca": "M. Benz",
    "modelo": "1800DD",
    "numero_chasis": null,
    "carroceria_marca": "",
    "revision_tecnica_vto": null,
    "matafuego_vto": "2026-02-25",
    "matafuego_1_vto": "2026-02-25",
    "matafuego_2_vto": "2026-02-25",
    "matafuego_ult_control": "2026-02-25",
    "odometro_km": null,
    "odometro_fecha": null,
    "aceite_intervalo_km": null,
    "aceite_ultimo_cambio_km": null,
    "aceite_ultimo_cambio_fecha": null,
    "aceite_obs": "",
    "filtros_intervalo_km": null,
    "filtros_ultimo_cambio_km": null,
    "filtros_ultimo_cambio_fecha": null,
    "filtros_obs": "",
    "limpieza_ultima_fecha": null,
    "limpieza_realizada_por": "",
    "limpieza_obs": "",
    "tiene_gps": false,
    "usa_biodiesel": false,
    "tipo_servicio": "MEDIA_DISTANCIA",
    "jurisdiccion": "Chaco",
    "estado": "ACTIVO",
    "observaciones": "",
    "is_active": true,
    "matafuego_vencimiento_2": "2026-02-25"
  }
},
{
  "model": "flota.colectivo",
  "pk": 18,
  "fields": {
    "created_at": "2026-02-19T07:01:18.503Z",
    "updated_at": "2026-02-20T09:20:32.777Z",
    "interno": 6,
    "dominio": "IGS780",
    "anio_modelo": 2009,
    "marca": "M. Benz",
    "modelo": "0500RSD",
    "numero_chasis": null,
    "carroceria_marca": "",
    "revision_tecnica_vto": null,
    "matafuego_vto": null,
    "matafuego_1_vto": null,
    "matafuego_2_vto": null,
    "matafuego_ult_control": null,
    "odometro_km": null,
    "odometro_fecha": null,
    "aceite_intervalo_km": null,
    "aceite_ultimo_cambio_km": null,
    "aceite_ultimo_cambio_fecha": null,
    "aceite_obs": "",
    "filtros_intervalo_km": null,
    "filtros_ultimo_cambio_km": null,
    "filtros_ultimo_cambio_fecha": null,
    "filtros_obs": "",
    "limpieza_ultima_fecha": null,
    "limpieza_realizada_por": "",
    "limpieza_obs": "",
    "tiene_gps": false,
    "usa_biodiesel": false,
    "tipo_servicio": "MEDIA_DISTANCIA",
    "jurisdiccion": "Chaco",
    "estado": "ACTIVO",
    "observaciones": "",
    "is_active": true,
    "matafuego_vencimiento_2": null
  }
},
{
  "model": "flota.colectivo",
  "pk": 19,
  "fields": {
    "created_at": "2026-02-19T07:01:18.505Z",
    "updated_at": "2026-02-20T09:20:32.778Z",
    "interno": 7,
    "dominio": "HGK382",
    "anio_modelo": 2008,
    "marca": "Scania",
    "modelo": "329-K380",
    "numero_chasis": null,
    "carroceria_marca": "",
    "revision_tecnica_vto": null,
    "matafuego_vto": null,
    "matafuego_1_vto": null,
    "matafuego_2_vto": null,
    "matafuego_ult_control": null,
    "odometro_km": null,
    "odometro_fecha": null,
    "aceite_intervalo_km": null,
    "aceite_ultimo_cambio_km": null,
    "aceite_ultimo_cambio_fecha": null,
    "aceite_obs": "",
    "filtros_intervalo_km": null,
    "filtros_ultimo_cambio_km": null,
    "filtros_ultimo_cambio_fecha": null,
    "filtros_obs": "",
    "limpieza_ultima_fecha": null,
    "limpieza_realizada_por": "",
    "limpieza_obs": "",
    "tiene_gps": false,
    "usa_biodiesel": false,
    "tipo_servicio": "MEDIA_DISTANCIA",
    "jurisdiccion": "Chaco",
    "estado": "ACTIVO",
    "observaciones": "",
    "is_active": true,
    "matafuego_vencimiento_2": null
  }
},
{
  "model": "flota.colectivo",
  "pk": 20,
  "fields": {
    "created_at": "2026-02-19T07:01:18.507Z",
    "updated_at": "2026-02-20T09:20:32.781Z",
    "interno": 8,
    "dominio": "OMV918",
    "anio_modelo": 2015,
    "marca": "Scania",
    "modelo": "K410B6X2",
    "numero_chasis": null,
    "carroceria_marca": "",
    "revision_tecnica_vto": null,
    "matafuego_vto": null,
    "matafuego_1_vto": null,
    "matafuego_2_vto": null,
    "matafuego_ult_control": null,
    "odometro_km": null,
    "odometro_fecha": null,
    "aceite_intervalo_km": null,
    "aceite_ultimo_cambio_km": null,
    "aceite_ultimo_cambio_fecha": null,
    "aceite_obs": "",
    "filtros_intervalo_km": null,
    "filtros_ultimo_cambio_km": null,
    "filtros_ultimo_cambio_fecha": null,
    "filtros_obs": "",
    "limpieza_ultima_fecha": null,
    "limpieza_realizada_por": "",
    "limpieza_obs": "",
    "tiene_gps": false,
    "usa_biodiesel": false,
    "tipo_servicio": "MEDIA_DISTANCIA",
    "jurisdiccion": "Chaco",
    "estado": "ACTIVO",
    "observaciones": "",
    "is_active": true,
    "matafuego_vencimiento_2": null
  }
},
{
  "model": "flota.colectivo",
  "pk": 21,
  "fields": {
    "created_at": "2026-02-19T07:01:18.509Z",
    "updated_at": "2026-02-20T09:20:32.783Z",
    "interno": 10,
    "dominio": "OMY497",
    "anio_modelo": 2015,
    "marca": "Scania",
    "modelo": "K410B6X2",
    "numero_chasis": null,
    "carroceria_marca": "",
    "revision_tecnica_vto": null,
    "matafuego_vto": null,
    "matafuego_1_vto": null,
    "matafuego_2_vto": null,
    "matafuego_ult_control": null,
    "odometro_km": null,
    "odometro_fecha": null,
    "aceite_intervalo_km": null,
    "aceite_ultimo_cambio_km": null,
    "aceite_ultimo_cambio_fecha": null,
    "aceite_obs": "",
    "filtros_intervalo_km": null,
    "filtros_ultimo_cambio_km": null,
    "filtros_ultimo_cambio_fecha": null,
    "filtros_obs": "",
    "limpieza_ultima_fecha": null,
    "limpieza_realizada_por": "",
    "limpieza_obs": "",
    "tiene_gps": false,
    "usa_biodiesel": false,
    "tipo_servicio": "MEDIA_DISTANCIA",
    "jurisdiccion": "Chaco",
    "estado": "ACTIVO",
    "observaciones": "",
    "is_active": true,
    "matafuego_vencimiento_2": null
  }
},
{
  "model": "flota.colectivo",
  "pk": 22,
  "fields": {
    "created_at": "2026-02-19T07:01:18.510Z",
    "updated_at": "2026-02-20T09:20:32.785Z",
    "interno": 19,
    "dominio": "JRO452",
    "anio_modelo": 2011,
    "marca": "M. Benz",
    "modelo": "0500RSD",
    "numero_chasis": null,
    "carroceria_marca": "",
    "revision_tecnica_vto": null,
    "matafuego_vto": null,
    "matafuego_1_vto": null,
    "matafuego_2_vto": null,
    "matafuego_ult_control": null,
    "odometro_km": null,
    "odometro_fecha": null,
    "aceite_intervalo_km": null,
    "aceite_ultimo_cambio_km": null,
    "aceite_ultimo_cambio_fecha": null,
    "aceite_obs": "",
    "filtros_intervalo_km": null,
    "filtros_ultimo_cambio_km": null,
    "filtros_ultimo_cambio_fecha": null,
    "filtros_obs": "",
    "limpieza_ultima_fecha": null,
    "limpieza_realizada_por": "",
    "limpieza_obs": "",
    "tiene_gps": false,
    "usa_biodiesel": false,
    "tipo_servicio": "MEDIA_DISTANCIA",
    "jurisdiccion": "Chaco",
    "estado": "ACTIVO",
    "observaciones": "",
    "is_active": true,
    "matafuego_vencimiento_2": null
  }
},
{
  "model": "flota.colectivo",
  "pk": 23,
  "fields": {
    "created_at": "2026-02-19T07:01:18.512Z",
    "updated_at": "2026-02-20T09:20:32.787Z",
    "interno": 50,
    "dominio": "PAM133",
    "anio_modelo": 2015,
    "marca": "Scania",
    "modelo": "1800DD",
    "numero_chasis": null,
    "carroceria_marca": "",
    "revision_tecnica_vto": null,
    "matafuego_vto": null,
    "matafuego_1_vto": null,
    "matafuego_2_vto": null,
    "matafuego_ult_control": null,
    "odometro_km": null,
    "odometro_fecha": null,
    "aceite_intervalo_km": null,
    "aceite_ultimo_cambio_km": null,
    "aceite_ultimo_cambio_fecha": null,
    "aceite_obs": "",
    "filtros_intervalo_km": null,
    "filtros_ultimo_cambio_km": null,
    "filtros_ultimo_cambio_fecha": null,
    "filtros_obs": "",
    "limpieza_ultima_fecha": null,
    "limpieza_realizada_por": "",
    "limpieza_obs": "",
    "tiene_gps": false,
    "usa_biodiesel": false,
    "tipo_servicio": "MEDIA_DISTANCIA",
    "jurisdiccion": "Chaco",
    "estado": "ACTIVO",
    "observaciones": "",
    "is_active": true,
    "matafuego_vencimiento_2": null
  }
},
{
  "model": "flota.colectivo",
  "pk": 24,
  "fields": {
    "created_at": "2026-02-19T07:01:18.514Z",
    "updated_at": "2026-02-20T09:20:32.789Z",
    "interno": 60,
    "dominio": "MVS257",
    "anio_modelo": 2013,
    "marca": "M. Benz",
    "modelo": "1800DD",
    "numero_chasis": null,
    "carroceria_marca": "",
    "revision_tecnica_vto": null,
    "matafuego_vto": null,
    "matafuego_1_vto": null,
    "matafuego_2_vto": null,
    "matafuego_ult_control": null,
    "odometro_km": null,
    "odometro_fecha": null,
    "aceite_intervalo_km": null,
    "aceite_ultimo_cambio_km": null,
    "aceite_ultimo_cambio_fecha": null,
    "aceite_obs": "",
    "filtros_intervalo_km": null,
    "filtros_ultimo_cambio_km": null,
    "filtros_ultimo_cambio_fecha": null,
    "filtros_obs": "",
    "limpieza_ultima_fecha": null,
    "limpieza_realizada_por": "",
    "limpieza_obs": "",
    "tiene_gps": false,
    "usa_biodiesel": false,
    "tipo_servicio": "MEDIA_DISTANCIA",
    "jurisdiccion": "Chaco",
    "estado": "ACTIVO",
    "observaciones": "",
    "is_active": true,
    "matafuego_vencimiento_2": null
  }
},
{
  "model": "flota.colectivo",
  "pk": 25,
  "fields": {
    "created_at": "2026-02-19T07:01:18.516Z",
    "updated_at": "2026-02-20T09:20:32.791Z",
    "interno": 269,
    "dominio": "KIL625",
    "anio_modelo": 2011,
    "marca": "M. Benz",
    "modelo": "0500RSD",
    "numero_chasis": null,
    "carroceria_marca": "",
    "revision_tecnica_vto": null,
    "matafuego_vto": null,
    "matafuego_1_vto": null,
    "matafuego_2_vto": null,
    "matafuego_ult_control": null,
    "odometro_km": null,
    "odometro_fecha": null,
    "aceite_intervalo_km": null,
    "aceite_ultimo_cambio_km": null,
    "aceite_ultimo_cambio_fecha": null,
    "aceite_obs": "",
    "filtros_intervalo_km": null,
    "filtros_ultimo_cambio_km": null,
    "filtros_ultimo_cambio_fecha": null,
    "filtros_obs": "",
    "limpieza_ultima_fecha": null,
    "limpieza_realizada_por": "",
    "limpieza_obs": "",
    "tiene_gps": false,
    "usa_biodiesel": false,
    "tipo_servicio": "MEDIA_DISTANCIA",
    "jurisdiccion": "Chaco",
    "estado": "ACTIVO",
    "observaciones": "",
    "is_active": true,
    "matafuego_vencimiento_2": null
  }
},
{
  "model": "flota.colectivo",
  "pk": 26,
  "fields": {
    "created_at": "2026-02-19T07:01:18.518Z",
    "updated_at": "2026-02-20T09:20:32.793Z",
    "interno": 279,
    "dominio": "KEA703",
    "anio_modelo": 2011,
    "marca": "M. Benz",
    "modelo": "1800DD",
    "numero_chasis": null,
    "carroceria_marca": "",
    "revision_tecnica_vto": null,
    "matafuego_vto": null,
    "matafuego_1_vto": null,
    "matafuego_2_vto": null,
    "matafuego_ult_control": null,
    "odometro_km": null,
    "odometro_fecha": null,
    "aceite_intervalo_km": null,
    "aceite_ultimo_cambio_km": null,
    "aceite_ultimo_cambio_fecha": null,
    "aceite_obs": "",
    "filtros_intervalo_km": null,
    "filtros_ultimo_cambio_km": null,
    "filtros_ultimo_cambio_fecha": null,
    "filtros_obs": "",
    "limpieza_ultima_fecha": null,
    "limpieza_realizada_por": "",
    "limpieza_obs": "",
    "tiene_gps": false,
    "usa_biodiesel": false,
    "tipo_servicio": "MEDIA_DISTANCIA",
    "jurisdiccion": "Chaco",
    "estado": "ACTIVO",
    "observaciones": "",
    "is_active": true,
    "matafuego_vencimiento_2": null
  }
},
{
  "model": "flota.colectivo",
  "pk": 27,
  "fields": {
    "created_at": "2026-02-19T07:01:18.519Z",
    "updated_at": "2026-02-20T09:20:32.795Z",
    "interno": 309,
    "dominio": "JEU311",
    "anio_modelo": 2010,
    "marca": "M. Benz",
    "modelo": "1800DD",
    "numero_chasis": null,
    "carroceria_marca": "",
    "revision_tecnica_vto": null,
    "matafuego_vto": null,
    "matafuego_1_vto": null,
    "matafuego_2_vto": null,
    "matafuego_ult_control": null,
    "odometro_km": null,
    "odometro_fecha": null,
    "aceite_intervalo_km": null,
    "aceite_ultimo_cambio_km": null,
    "aceite_ultimo_cambio_fecha": null,
    "aceite_obs": "",
    "filtros_intervalo_km": null,
    "filtros_ultimo_cambio_km": null,
    "filtros_ultimo_cambio_fecha": null,
    "filtros_obs": "",
    "limpieza_ultima_fecha": null,
    "limpieza_realizada_por": "",
    "limpieza_obs": "",
    "tiene_gps": false,
    "usa_biodiesel": false,
    "tipo_servicio": "MEDIA_DISTANCIA",
    "jurisdiccion": "Chaco",
    "estado": "ACTIVO",
    "observaciones": "",
    "is_active": true,
    "matafuego_vencimiento_2": null
  }
},
{
  "model": "flota.colectivo",
  "pk": 28,
  "fields": {
    "created_at": "2026-02-19T07:01:18.521Z",
    "updated_at": "2026-02-20T09:20:32.797Z",
    "interno": 319,
    "dominio": "JFX389",
    "anio_modelo": 2010,
    "marca": "M. Benz",
    "modelo": "M457LA",
    "numero_chasis": null,
    "carroceria_marca": "",
    "revision_tecnica_vto": null,
    "matafuego_vto": null,
    "matafuego_1_vto": null,
    "matafuego_2_vto": null,
    "matafuego_ult_control": null,
    "odometro_km": null,
    "odometro_fecha": null,
    "aceite_intervalo_km": null,
    "aceite_ultimo_cambio_km": null,
    "aceite_ultimo_cambio_fecha": null,
    "aceite_obs": "",
    "filtros_intervalo_km": null,
    "filtros_ultimo_cambio_km": null,
    "filtros_ultimo_cambio_fecha": null,
    "filtros_obs": "",
    "limpieza_ultima_fecha": null,
    "limpieza_realizada_por": "",
    "limpieza_obs": "",
    "tiene_gps": false,
    "usa_biodiesel": false,
    "tipo_servicio": "MEDIA_DISTANCIA",
    "jurisdiccion": "Chaco",
    "estado": "ACTIVO",
    "observaciones": "",
    "is_active": true,
    "matafuego_vencimiento_2": null
  }
},
{
  "model": "flota.colectivo",
  "pk": 29,
  "fields": {
    "created_at": "2026-02-19T07:01:18.523Z",
    "updated_at": "2026-02-25T09:38:23.606Z",
    "interno": 517,
    "dominio": "JEU306",
    "anio_modelo": 2010,
    "marca": "M. Benz",
    "modelo": "1800DD",
    "numero_chasis": null,
    "carroceria_marca": "",
    "revision_tecnica_vto": null,
    "matafuego_vto": null,
    "matafuego_1_vto": null,
    "matafuego_2_vto": null,
    "matafuego_ult_control": null,
    "odometro_km": null,
    "odometro_fecha": null,
    "aceite_intervalo_km": null,
    "aceite_ultimo_cambio_km": null,
    "aceite_ultimo_cambio_fecha": null,
    "aceite_obs": "",
    "filtros_intervalo_km": null,
    "filtros_ultimo_cambio_km": null,
    "filtros_ultimo_cambio_fecha": null,
    "filtros_obs": "",
    "limpieza_ultima_fecha": null,
    "limpieza_realizada_por": "",
    "limpieza_obs": "",
    "tiene_gps": false,
    "usa_biodiesel": false,
    "tipo_servicio": "MEDIA_DISTANCIA",
    "jurisdiccion": "Chaco",
    "estado": "ACTIVO",
    "observaciones": "",
    "is_active": false,
    "matafuego_vencimiento_2": null
  }
},
{
  "model": "flota.partediario",
  "pk": 1,
  "fields": {
    "colectivo": 16,
    "fecha_evento": "2026-02-23T23:20:00Z",
    "reportado_por": [
      "admin"
    ],
    "tipo": "INCIDENCIA",
    "severidad": "MEDIA",
    "estado": "ABIERTO",
    "odometro_km": null,
    "accion_mantenimiento": "",
    "km_mantenimiento": null,
    "matafuego_vto_nuevo": null,
    "auxilio_inicio": null,
    "auxilio_fin": null,
    "descripcion": "aca esta el parte",
    "observaciones": "mirar aca",
    "chofer_label": "",
    "parte_mecanico": "",
    "parte_electrico": "",
    "trabajos_carroceria_varios": "",
    "combustible_ruta_detalle": "",
    "created_at": "2026-02-23T23:22:23.678Z"
  }
},
{
  "model": "flota.partediario",
  "pk": 2,
  "fields": {
    "colectivo": 17,
    "fecha_evento": "2026-02-13T19:10:00Z",
    "reportado_por": null,
    "tipo": "MANTENIMIENTO",
    "severidad": "ALTA",
    "estado": "EN_PROCESO",
    "odometro_km": null,
    "accion_mantenimiento": "",
    "km_mantenimiento": null,
    "matafuego_vto_nuevo": null,
    "auxilio_inicio": null,
    "auxilio_fin": null,
    "descripcion": "MANTENIMIENTO: Parte generado para pruebas",
    "observaciones": "Generado automáticamente para demo/pruebas.",
    "chofer_label": "",
    "parte_mecanico": "",
    "parte_electrico": "",
    "trabajos_carroceria_varios": "",
    "combustible_ruta_detalle": "",
    "created_at": "2026-02-24T17:19:38.987Z"
  }
},
{
  "model": "flota.partediario",
  "pk": 3,
  "fields": {
    "colectivo": 23,
    "fecha_evento": "2026-02-16T14:30:00Z",
    "reportado_por": null,
    "tipo": "AUXILIO",
    "severidad": "BAJA",
    "estado": "EN_PROCESO",
    "odometro_km": null,
    "accion_mantenimiento": "",
    "km_mantenimiento": null,
    "matafuego_vto_nuevo": null,
    "auxilio_inicio": "2026-02-16T14:30:00Z",
    "auxilio_fin": "2026-02-16T16:12:00Z",
    "descripcion": "AUXILIO: Parte generado para pruebas",
    "observaciones": "Generado automáticamente para demo/pruebas.",
    "chofer_label": "",
    "parte_mecanico": "",
    "parte_electrico": "",
    "trabajos_carroceria_varios": "",
    "combustible_ruta_detalle": "",
    "created_at": "2026-02-24T17:19:38.987Z"
  }
},
{
  "model": "flota.partediario",
  "pk": 4,
  "fields": {
    "colectivo": 26,
    "fecha_evento": "2026-02-22T10:10:00Z",
    "reportado_por": null,
    "tipo": "CHECKLIST",
    "severidad": "MEDIA",
    "estado": "EN_PROCESO",
    "odometro_km": null,
    "accion_mantenimiento": "",
    "km_mantenimiento": null,
    "matafuego_vto_nuevo": null,
    "auxilio_inicio": null,
    "auxilio_fin": null,
    "descripcion": "CHECKLIST: Parte generado para pruebas",
    "observaciones": "Generado automáticamente para demo/pruebas.",
    "chofer_label": "",
    "parte_mecanico": "",
    "parte_electrico": "",
    "trabajos_carroceria_varios": "",
    "combustible_ruta_detalle": "",
    "created_at": "2026-02-24T17:19:38.987Z"
  }
},
{
  "model": "flota.partediario",
  "pk": 5,
  "fields": {
    "colectivo": 17,
    "fecha_evento": "2026-02-12T07:15:00Z",
    "reportado_por": null,
    "tipo": "AUXILIO",
    "severidad": "CRITICA",
    "estado": "ABIERTO",
    "odometro_km": null,
    "accion_mantenimiento": "",
    "km_mantenimiento": null,
    "matafuego_vto_nuevo": null,
    "auxilio_inicio": "2026-02-12T07:15:00Z",
    "auxilio_fin": "2026-02-12T08:17:00Z",
    "descripcion": "AUXILIO: Parte generado para pruebas",
    "observaciones": "Generado automáticamente para demo/pruebas.",
    "chofer_label": "",
    "parte_mecanico": "",
    "parte_electrico": "",
    "trabajos_carroceria_varios": "",
    "combustible_ruta_detalle": "",
    "created_at": "2026-02-24T17:19:39.006Z"
  }
},
{
  "model": "flota.partediario",
  "pk": 6,
  "fields": {
    "colectivo": 17,
    "fecha_evento": "2026-01-27T11:15:00Z",
    "reportado_por": null,
    "tipo": "AUXILIO",
    "severidad": "BAJA",
    "estado": "ABIERTO",
    "odometro_km": null,
    "accion_mantenimiento": "",
    "km_mantenimiento": null,
    "matafuego_vto_nuevo": null,
    "auxilio_inicio": "2026-01-27T11:15:00Z",
    "auxilio_fin": "2026-01-27T13:10:00Z",
    "descripcion": "AUXILIO: Parte generado para pruebas",
    "observaciones": "Generado automáticamente para demo/pruebas.",
    "chofer_label": "",
    "parte_mecanico": "",
    "parte_electrico": "",
    "trabajos_carroceria_varios": "",
    "combustible_ruta_detalle": "",
    "created_at": "2026-02-24T17:19:39.006Z"
  }
},
{
  "model": "flota.partediario",
  "pk": 7,
  "fields": {
    "colectivo": 24,
    "fecha_evento": "2026-02-06T09:40:00Z",
    "reportado_por": null,
    "tipo": "CHECKLIST",
    "severidad": "BAJA",
    "estado": "RESUELTO",
    "odometro_km": null,
    "accion_mantenimiento": "",
    "km_mantenimiento": null,
    "matafuego_vto_nuevo": null,
    "auxilio_inicio": null,
    "auxilio_fin": null,
    "descripcion": "CHECKLIST: Parte generado para pruebas",
    "observaciones": "Generado automáticamente para demo/pruebas.",
    "chofer_label": "",
    "parte_mecanico": "",
    "parte_electrico": "",
    "trabajos_carroceria_varios": "",
    "combustible_ruta_detalle": "",
    "created_at": "2026-02-24T17:19:39.021Z"
  }
},
{
  "model": "flota.partediario",
  "pk": 8,
  "fields": {
    "colectivo": 17,
    "fecha_evento": "2026-02-13T06:10:00Z",
    "reportado_por": null,
    "tipo": "MANTENIMIENTO",
    "severidad": "ALTA",
    "estado": "RESUELTO",
    "odometro_km": null,
    "accion_mantenimiento": "",
    "km_mantenimiento": null,
    "matafuego_vto_nuevo": null,
    "auxilio_inicio": null,
    "auxilio_fin": null,
    "descripcion": "MANTENIMIENTO: Parte generado para pruebas",
    "observaciones": "Generado automáticamente para demo/pruebas.",
    "chofer_label": "",
    "parte_mecanico": "",
    "parte_electrico": "",
    "trabajos_carroceria_varios": "",
    "combustible_ruta_detalle": "",
    "created_at": "2026-02-24T17:19:39.021Z"
  }
},
{
  "model": "flota.partediario",
  "pk": 9,
  "fields": {
    "colectivo": 16,
    "fecha_evento": "2026-02-19T10:45:00Z",
    "reportado_por": null,
    "tipo": "AUXILIO",
    "severidad": "MEDIA",
    "estado": "ABIERTO",
    "odometro_km": null,
    "accion_mantenimiento": "",
    "km_mantenimiento": null,
    "matafuego_vto_nuevo": null,
    "auxilio_inicio": "2026-02-19T10:45:00Z",
    "auxilio_fin": "2026-02-19T11:18:00Z",
    "descripcion": "AUXILIO: Parte generado para pruebas",
    "observaciones": "Generado automáticamente para demo/pruebas.",
    "chofer_label": "",
    "parte_mecanico": "",
    "parte_electrico": "",
    "trabajos_carroceria_varios": "",
    "combustible_ruta_detalle": "",
    "created_at": "2026-02-24T17:19:39.021Z"
  }
},
{
  "model": "flota.partediario",
  "pk": 10,
  "fields": {
    "colectivo": 23,
    "fecha_evento": "2026-01-30T12:40:00Z",
    "reportado_por": null,
    "tipo": "MANTENIMIENTO",
    "severidad": "BAJA",
    "estado": "RESUELTO",
    "odometro_km": null,
    "accion_mantenimiento": "",
    "km_mantenimiento": null,
    "matafuego_vto_nuevo": null,
    "auxilio_inicio": null,
    "auxilio_fin": null,
    "descripcion": "MANTENIMIENTO: Parte generado para pruebas",
    "observaciones": "Generado automáticamente para demo/pruebas.",
    "chofer_label": "",
    "parte_mecanico": "",
    "parte_electrico": "",
    "trabajos_carroceria_varios": "",
    "combustible_ruta_detalle": "",
    "created_at": "2026-02-24T17:19:39.038Z"
  }
},
{
  "model": "flota.partediario",
  "pk": 11,
  "fields": {
    "colectivo": 19,
    "fecha_evento": "2026-02-11T19:30:00Z",
    "reportado_por": null,
    "tipo": "MANTENIMIENTO",
    "severidad": "MEDIA",
    "estado": "RESUELTO",
    "odometro_km": null,
    "accion_mantenimiento": "",
    "km_mantenimiento": null,
    "matafuego_vto_nuevo": null,
    "auxilio_inicio": null,
    "auxilio_fin": null,
    "descripcion": "MANTENIMIENTO: Parte generado para pruebas",
    "observaciones": "Generado automáticamente para demo/pruebas.",
    "chofer_label": "",
    "parte_mecanico": "",
    "parte_electrico": "",
    "trabajos_carroceria_varios": "",
    "combustible_ruta_detalle": "",
    "created_at": "2026-02-24T17:19:39.038Z"
  }
},
{
  "model": "flota.partediario",
  "pk": 12,
  "fields": {
    "colectivo": 29,
    "fecha_evento": "2026-02-24T16:40:00Z",
    "reportado_por": null,
    "tipo": "CHECKLIST",
    "severidad": "MEDIA",
    "estado": "RESUELTO",
    "odometro_km": null,
    "accion_mantenimiento": "",
    "km_mantenimiento": null,
    "matafuego_vto_nuevo": null,
    "auxilio_inicio": null,
    "auxilio_fin": null,
    "descripcion": "CHECKLIST: Parte generado para pruebas",
    "observaciones": "Generado automáticamente para demo/pruebas.",
    "chofer_label": "",
    "parte_mecanico": "",
    "parte_electrico": "",
    "trabajos_carroceria_varios": "",
    "combustible_ruta_detalle": "",
    "created_at": "2026-02-24T17:19:39.038Z"
  }
},
{
  "model": "flota.partediario",
  "pk": 13,
  "fields": {
    "colectivo": 27,
    "fecha_evento": "2026-02-23T09:10:00Z",
    "reportado_por": null,
    "tipo": "AUXILIO",
    "severidad": "MEDIA",
    "estado": "EN_PROCESO",
    "odometro_km": null,
    "accion_mantenimiento": "",
    "km_mantenimiento": null,
    "matafuego_vto_nuevo": null,
    "auxilio_inicio": "2026-02-23T09:10:00Z",
    "auxilio_fin": "2026-02-23T10:02:00Z",
    "descripcion": "AUXILIO: Parte generado para pruebas",
    "observaciones": "Generado automáticamente para demo/pruebas.",
    "chofer_label": "",
    "parte_mecanico": "",
    "parte_electrico": "",
    "trabajos_carroceria_varios": "",
    "combustible_ruta_detalle": "",
    "created_at": "2026-02-24T17:19:39.056Z"
  }
},
{
  "model": "flota.partediario",
  "pk": 14,
  "fields": {
    "colectivo": 23,
    "fecha_evento": "2026-02-13T13:50:00Z",
    "reportado_por": null,
    "tipo": "INCIDENCIA",
    "severidad": "BAJA",
    "estado": "EN_PROCESO",
    "odometro_km": null,
    "accion_mantenimiento": "",
    "km_mantenimiento": null,
    "matafuego_vto_nuevo": null,
    "auxilio_inicio": null,
    "auxilio_fin": null,
    "descripcion": "INCIDENCIA: Parte generado para pruebas",
    "observaciones": "Generado automáticamente para demo/pruebas.",
    "chofer_label": "",
    "parte_mecanico": "",
    "parte_electrico": "",
    "trabajos_carroceria_varios": "",
    "combustible_ruta_detalle": "",
    "created_at": "2026-02-24T17:19:39.056Z"
  }
},
{
  "model": "flota.partediario",
  "pk": 15,
  "fields": {
    "colectivo": 28,
    "fecha_evento": "2026-02-12T10:50:00Z",
    "reportado_por": null,
    "tipo": "INCIDENCIA",
    "severidad": "BAJA",
    "estado": "ABIERTO",
    "odometro_km": null,
    "accion_mantenimiento": "",
    "km_mantenimiento": null,
    "matafuego_vto_nuevo": null,
    "auxilio_inicio": null,
    "auxilio_fin": null,
    "descripcion": "INCIDENCIA: Parte generado para pruebas",
    "observaciones": "Generado automáticamente para demo/pruebas.",
    "chofer_label": "",
    "parte_mecanico": "",
    "parte_electrico": "",
    "trabajos_carroceria_varios": "",
    "combustible_ruta_detalle": "",
    "created_at": "2026-02-24T17:19:39.070Z"
  }
},
{
  "model": "flota.partediario",
  "pk": 16,
  "fields": {
    "colectivo": 22,
    "fecha_evento": "2026-02-20T20:40:00Z",
    "reportado_por": null,
    "tipo": "MANTENIMIENTO",
    "severidad": "MEDIA",
    "estado": "EN_PROCESO",
    "odometro_km": null,
    "accion_mantenimiento": "",
    "km_mantenimiento": null,
    "matafuego_vto_nuevo": null,
    "auxilio_inicio": null,
    "auxilio_fin": null,
    "descripcion": "MANTENIMIENTO: Parte generado para pruebas",
    "observaciones": "Generado automáticamente para demo/pruebas.",
    "chofer_label": "",
    "parte_mecanico": "",
    "parte_electrico": "",
    "trabajos_carroceria_varios": "",
    "combustible_ruta_detalle": "",
    "created_at": "2026-02-24T17:19:39.075Z"
  }
},
{
  "model": "flota.partediario",
  "pk": 17,
  "fields": {
    "colectivo": 16,
    "fecha_evento": "2026-02-17T15:10:00Z",
    "reportado_por": null,
    "tipo": "INCIDENCIA",
    "severidad": "BAJA",
    "estado": "EN_PROCESO",
    "odometro_km": null,
    "accion_mantenimiento": "",
    "km_mantenimiento": null,
    "matafuego_vto_nuevo": null,
    "auxilio_inicio": null,
    "auxilio_fin": null,
    "descripcion": "INCIDENCIA: Parte generado para pruebas",
    "observaciones": "Generado automáticamente para demo/pruebas.",
    "chofer_label": "",
    "parte_mecanico": "",
    "parte_electrico": "",
    "trabajos_carroceria_varios": "",
    "combustible_ruta_detalle": "",
    "created_at": "2026-02-24T17:19:39.080Z"
  }
},
{
  "model": "flota.partediario",
  "pk": 18,
  "fields": {
    "colectivo": 27,
    "fecha_evento": "2026-02-21T10:15:00Z",
    "reportado_por": null,
    "tipo": "AUXILIO",
    "severidad": "ALTA",
    "estado": "EN_PROCESO",
    "odometro_km": null,
    "accion_mantenimiento": "",
    "km_mantenimiento": null,
    "matafuego_vto_nuevo": null,
    "auxilio_inicio": "2026-02-21T10:15:00Z",
    "auxilio_fin": "2026-02-21T11:12:00Z",
    "descripcion": "AUXILIO: Parte generado para pruebas",
    "observaciones": "Generado automáticamente para demo/pruebas.",
    "chofer_label": "",
    "parte_mecanico": "",
    "parte_electrico": "",
    "trabajos_carroceria_varios": "",
    "combustible_ruta_detalle": "",
    "created_at": "2026-02-24T17:19:39.086Z"
  }
},
{
  "model": "flota.partediario",
  "pk": 19,
  "fields": {
    "colectivo": 23,
    "fecha_evento": "2026-02-19T13:00:00Z",
    "reportado_por": null,
    "tipo": "MANTENIMIENTO",
    "severidad": "BAJA",
    "estado": "EN_PROCESO",
    "odometro_km": null,
    "accion_mantenimiento": "",
    "km_mantenimiento": null,
    "matafuego_vto_nuevo": null,
    "auxilio_inicio": null,
    "auxilio_fin": null,
    "descripcion": "MANTENIMIENTO: Parte generado para pruebas",
    "observaciones": "Generado automáticamente para demo/pruebas.",
    "chofer_label": "",
    "parte_mecanico": "",
    "parte_electrico": "",
    "trabajos_carroceria_varios": "",
    "combustible_ruta_detalle": "",
    "created_at": "2026-02-24T17:19:39.091Z"
  }
},
{
  "model": "flota.partediario",
  "pk": 20,
  "fields": {
    "colectivo": 18,
    "fecha_evento": "2026-02-03T16:45:00Z",
    "reportado_por": null,
    "tipo": "CHECKLIST",
    "severidad": "CRITICA",
    "estado": "RESUELTO",
    "odometro_km": null,
    "accion_mantenimiento": "",
    "km_mantenimiento": null,
    "matafuego_vto_nuevo": null,
    "auxilio_inicio": null,
    "auxilio_fin": null,
    "descripcion": "CHECKLIST: Parte generado para pruebas",
    "observaciones": "Generado automáticamente para demo/pruebas.",
    "chofer_label": "",
    "parte_mecanico": "",
    "parte_electrico": "",
    "trabajos_carroceria_varios": "",
    "combustible_ruta_detalle": "",
    "created_at": "2026-02-24T17:19:39.096Z"
  }
},
{
  "model": "flota.partediario",
  "pk": 21,
  "fields": {
    "colectivo": 26,
    "fecha_evento": "2026-02-10T19:00:00Z",
    "reportado_por": null,
    "tipo": "AUXILIO",
    "severidad": "MEDIA",
    "estado": "EN_PROCESO",
    "odometro_km": null,
    "accion_mantenimiento": "",
    "km_mantenimiento": null,
    "matafuego_vto_nuevo": null,
    "auxilio_inicio": "2026-02-10T19:00:00Z",
    "auxilio_fin": "2026-02-10T20:08:00Z",
    "descripcion": "AUXILIO: Parte generado para pruebas",
    "observaciones": "Generado automáticamente para demo/pruebas.",
    "chofer_label": "",
    "parte_mecanico": "",
    "parte_electrico": "",
    "trabajos_carroceria_varios": "",
    "combustible_ruta_detalle": "",
    "created_at": "2026-02-24T17:19:39.102Z"
  }
},
{
  "model": "flota.partediario",
  "pk": 22,
  "fields": {
    "colectivo": 18,
    "fecha_evento": "2026-02-10T09:45:00Z",
    "reportado_por": null,
    "tipo": "INCIDENCIA",
    "severidad": "MEDIA",
    "estado": "ABIERTO",
    "odometro_km": null,
    "accion_mantenimiento": "",
    "km_mantenimiento": null,
    "matafuego_vto_nuevo": null,
    "auxilio_inicio": null,
    "auxilio_fin": null,
    "descripcion": "INCIDENCIA: Parte generado para pruebas",
    "observaciones": "Generado automáticamente para demo/pruebas.",
    "chofer_label": "",
    "parte_mecanico": "",
    "parte_electrico": "",
    "trabajos_carroceria_varios": "",
    "combustible_ruta_detalle": "",
    "created_at": "2026-02-24T17:19:39.106Z"
  }
},
{
  "model": "flota.partediario",
  "pk": 23,
  "fields": {
    "colectivo": 26,
    "fecha_evento": "2026-02-01T09:20:00Z",
    "reportado_por": null,
    "tipo": "AUXILIO",
    "severidad": "ALTA",
    "estado": "ABIERTO",
    "odometro_km": null,
    "accion_mantenimiento": "",
    "km_mantenimiento": null,
    "matafuego_vto_nuevo": null,
    "auxilio_inicio": "2026-02-01T09:20:00Z",
    "auxilio_fin": "2026-02-01T10:30:00Z",
    "descripcion": "AUXILIO: Parte generado para pruebas",
    "observaciones": "Generado automáticamente para demo/pruebas.",
    "chofer_label": "",
    "parte_mecanico": "",
    "parte_electrico": "",
    "trabajos_carroceria_varios": "",
    "combustible_ruta_detalle": "",
    "created_at": "2026-02-24T17:19:39.106Z"
  }
},
{
  "model": "flota.partediario",
  "pk": 24,
  "fields": {
    "colectivo": 26,
    "fecha_evento": "2026-02-07T20:15:00Z",
    "reportado_por": null,
    "tipo": "CHECKLIST",
    "severidad": "BAJA",
    "estado": "ABIERTO",
    "odometro_km": null,
    "accion_mantenimiento": "",
    "km_mantenimiento": null,
    "matafuego_vto_nuevo": null,
    "auxilio_inicio": null,
    "auxilio_fin": null,
    "descripcion": "CHECKLIST: Parte generado para pruebas",
    "observaciones": "Generado automáticamente para demo/pruebas.",
    "chofer_label": "",
    "parte_mecanico": "",
    "parte_electrico": "",
    "trabajos_carroceria_varios": "",
    "combustible_ruta_detalle": "",
    "created_at": "2026-02-24T17:19:39.120Z"
  }
},
{
  "model": "flota.partediario",
  "pk": 25,
  "fields": {
    "colectivo": 19,
    "fecha_evento": "2026-02-14T14:15:00Z",
    "reportado_por": null,
    "tipo": "CHECKLIST",
    "severidad": "CRITICA",
    "estado": "EN_PROCESO",
    "odometro_km": null,
    "accion_mantenimiento": "",
    "km_mantenimiento": null,
    "matafuego_vto_nuevo": null,
    "auxilio_inicio": null,
    "auxilio_fin": null,
    "descripcion": "CHECKLIST: Parte generado para pruebas",
    "observaciones": "Generado automáticamente para demo/pruebas.",
    "chofer_label": "",
    "parte_mecanico": "",
    "parte_electrico": "",
    "trabajos_carroceria_varios": "",
    "combustible_ruta_detalle": "",
    "created_at": "2026-02-24T17:19:39.120Z"
  }
},
{
  "model": "flota.partediario",
  "pk": 26,
  "fields": {
    "colectivo": 20,
    "fecha_evento": "2026-02-23T09:15:00Z",
    "reportado_por": null,
    "tipo": "INCIDENCIA",
    "severidad": "BAJA",
    "estado": "EN_PROCESO",
    "odometro_km": null,
    "accion_mantenimiento": "",
    "km_mantenimiento": null,
    "matafuego_vto_nuevo": null,
    "auxilio_inicio": null,
    "auxilio_fin": null,
    "descripcion": "INCIDENCIA: Parte generado para pruebas",
    "observaciones": "Generado automáticamente para demo/pruebas.",
    "chofer_label": "",
    "parte_mecanico": "",
    "parte_electrico": "",
    "trabajos_carroceria_varios": "",
    "combustible_ruta_detalle": "",
    "created_at": "2026-02-24T17:19:39.136Z"
  }
},
{
  "model": "flota.partediario",
  "pk": 27,
  "fields": {
    "colectivo": 25,
    "fecha_evento": "2026-02-03T14:50:00Z",
    "reportado_por": null,
    "tipo": "CHECKLIST",
    "severidad": "BAJA",
    "estado": "RESUELTO",
    "odometro_km": null,
    "accion_mantenimiento": "",
    "km_mantenimiento": null,
    "matafuego_vto_nuevo": null,
    "auxilio_inicio": null,
    "auxilio_fin": null,
    "descripcion": "CHECKLIST: Parte generado para pruebas",
    "observaciones": "Generado automáticamente para demo/pruebas.",
    "chofer_label": "",
    "parte_mecanico": "",
    "parte_electrico": "",
    "trabajos_carroceria_varios": "",
    "combustible_ruta_detalle": "",
    "created_at": "2026-02-24T17:19:39.136Z"
  }
},
{
  "model": "flota.partediario",
  "pk": 28,
  "fields": {
    "colectivo": 16,
    "fecha_evento": "2026-02-22T07:45:00Z",
    "reportado_por": null,
    "tipo": "CHECKLIST",
    "severidad": "MEDIA",
    "estado": "RESUELTO",
    "odometro_km": null,
    "accion_mantenimiento": "",
    "km_mantenimiento": null,
    "matafuego_vto_nuevo": null,
    "auxilio_inicio": null,
    "auxilio_fin": null,
    "descripcion": "CHECKLIST: Parte generado para pruebas",
    "observaciones": "Generado automáticamente para demo/pruebas.",
    "chofer_label": "",
    "parte_mecanico": "",
    "parte_electrico": "",
    "trabajos_carroceria_varios": "",
    "combustible_ruta_detalle": "",
    "created_at": "2026-02-24T17:19:39.136Z"
  }
},
{
  "model": "flota.partediario",
  "pk": 29,
  "fields": {
    "colectivo": 17,
    "fecha_evento": "2026-02-15T17:45:00Z",
    "reportado_por": null,
    "tipo": "CHECKLIST",
    "severidad": "ALTA",
    "estado": "ABIERTO",
    "odometro_km": null,
    "accion_mantenimiento": "",
    "km_mantenimiento": null,
    "matafuego_vto_nuevo": null,
    "auxilio_inicio": null,
    "auxilio_fin": null,
    "descripcion": "CHECKLIST: Parte generado para pruebas",
    "observaciones": "Generado automáticamente para demo/pruebas.",
    "chofer_label": "",
    "parte_mecanico": "",
    "parte_electrico": "",
    "trabajos_carroceria_varios": "",
    "combustible_ruta_detalle": "",
    "created_at": "2026-02-24T17:19:39.152Z"
  }
},
{
  "model": "flota.partediario",
  "pk": 30,
  "fields": {
    "colectivo": 29,
    "fecha_evento": "2026-02-07T19:50:00Z",
    "reportado_por": null,
    "tipo": "MANTENIMIENTO",
    "severidad": "BAJA",
    "estado": "RESUELTO",
    "odometro_km": null,
    "accion_mantenimiento": "",
    "km_mantenimiento": null,
    "matafuego_vto_nuevo": null,
    "auxilio_inicio": null,
    "auxilio_fin": null,
    "descripcion": "MANTENIMIENTO: Parte generado para pruebas",
    "observaciones": "Generado automáticamente para demo/pruebas.",
    "chofer_label": "",
    "parte_mecanico": "",
    "parte_electrico": "",
    "trabajos_carroceria_varios": "",
    "combustible_ruta_detalle": "",
    "created_at": "2026-02-24T17:19:39.156Z"
  }
},
{
  "model": "flota.partediario",
  "pk": 31,
  "fields": {
    "colectivo": 26,
    "fecha_evento": "2026-02-13T10:10:00Z",
    "reportado_por": null,
    "tipo": "MANTENIMIENTO",
    "severidad": "MEDIA",
    "estado": "ABIERTO",
    "odometro_km": null,
    "accion_mantenimiento": "",
    "km_mantenimiento": null,
    "matafuego_vto_nuevo": null,
    "auxilio_inicio": null,
    "auxilio_fin": null,
    "descripcion": "MANTENIMIENTO: Parte generado para pruebas",
    "observaciones": "Generado automáticamente para demo/pruebas.",
    "chofer_label": "",
    "parte_mecanico": "",
    "parte_electrico": "",
    "trabajos_carroceria_varios": "",
    "combustible_ruta_detalle": "",
    "created_at": "2026-02-24T17:19:39.156Z"
  }
},
{
  "model": "flota.partediario",
  "pk": 32,
  "fields": {
    "colectivo": 19,
    "fecha_evento": "2026-01-28T19:20:00Z",
    "reportado_por": null,
    "tipo": "CHECKLIST",
    "severidad": "MEDIA",
    "estado": "RESUELTO",
    "odometro_km": null,
    "accion_mantenimiento": "",
    "km_mantenimiento": null,
    "matafuego_vto_nuevo": null,
    "auxilio_inicio": null,
    "auxilio_fin": null,
    "descripcion": "CHECKLIST: Parte generado para pruebas",
    "observaciones": "Generado automáticamente para demo/pruebas.",
    "chofer_label": "",
    "parte_mecanico": "",
    "parte_electrico": "",
    "trabajos_carroceria_varios": "",
    "combustible_ruta_detalle": "",
    "created_at": "2026-02-24T17:19:39.170Z"
  }
},
{
  "model": "flota.partediario",
  "pk": 33,
  "fields": {
    "colectivo": 19,
    "fecha_evento": "2026-01-31T14:30:00Z",
    "reportado_por": null,
    "tipo": "CHECKLIST",
    "severidad": "BAJA",
    "estado": "RESUELTO",
    "odometro_km": null,
    "accion_mantenimiento": "",
    "km_mantenimiento": null,
    "matafuego_vto_nuevo": null,
    "auxilio_inicio": null,
    "auxilio_fin": null,
    "descripcion": "CHECKLIST: Parte generado para pruebas",
    "observaciones": "Generado automáticamente para demo/pruebas.",
    "chofer_label": "",
    "parte_mecanico": "",
    "parte_electrico": "",
    "trabajos_carroceria_varios": "",
    "combustible_ruta_detalle": "",
    "created_at": "2026-02-24T17:19:39.170Z"
  }
},
{
  "model": "flota.partediario",
  "pk": 34,
  "fields": {
    "colectivo": 23,
    "fecha_evento": "2026-02-08T13:15:00Z",
    "reportado_por": null,
    "tipo": "INCIDENCIA",
    "severidad": "BAJA",
    "estado": "ABIERTO",
    "odometro_km": null,
    "accion_mantenimiento": "",
    "km_mantenimiento": null,
    "matafuego_vto_nuevo": null,
    "auxilio_inicio": null,
    "auxilio_fin": null,
    "descripcion": "INCIDENCIA: Parte generado para pruebas",
    "observaciones": "Generado automáticamente para demo/pruebas.",
    "chofer_label": "",
    "parte_mecanico": "",
    "parte_electrico": "",
    "trabajos_carroceria_varios": "",
    "combustible_ruta_detalle": "",
    "created_at": "2026-02-24T17:19:39.187Z"
  }
},
{
  "model": "flota.partediario",
  "pk": 35,
  "fields": {
    "colectivo": 17,
    "fecha_evento": "2026-02-21T06:10:00Z",
    "reportado_por": null,
    "tipo": "INCIDENCIA",
    "severidad": "MEDIA",
    "estado": "RESUELTO",
    "odometro_km": null,
    "accion_mantenimiento": "",
    "km_mantenimiento": null,
    "matafuego_vto_nuevo": null,
    "auxilio_inicio": null,
    "auxilio_fin": null,
    "descripcion": "INCIDENCIA: Parte generado para pruebas",
    "observaciones": "Generado automáticamente para demo/pruebas.",
    "chofer_label": "",
    "parte_mecanico": "",
    "parte_electrico": "",
    "trabajos_carroceria_varios": "",
    "combustible_ruta_detalle": "",
    "created_at": "2026-02-24T17:19:39.194Z"
  }
},
{
  "model": "flota.partediario",
  "pk": 36,
  "fields": {
    "colectivo": 20,
    "fecha_evento": "2026-02-24T11:40:00Z",
    "reportado_por": null,
    "tipo": "INCIDENCIA",
    "severidad": "BAJA",
    "estado": "RESUELTO",
    "odometro_km": null,
    "accion_mantenimiento": "",
    "km_mantenimiento": null,
    "matafuego_vto_nuevo": null,
    "auxilio_inicio": null,
    "auxilio_fin": null,
    "descripcion": "INCIDENCIA: Parte generado para pruebas",
    "observaciones": "Generado automáticamente para demo/pruebas.",
    "chofer_label": "",
    "parte_mecanico": "",
    "parte_electrico": "",
    "trabajos_carroceria_varios": "",
    "combustible_ruta_detalle": "",
    "created_at": "2026-02-24T17:19:39.200Z"
  }
},
{
  "model": "flota.partediario",
  "pk": 37,
  "fields": {
    "colectivo": 20,
    "fecha_evento": "2026-02-22T20:50:00Z",
    "reportado_por": null,
    "tipo": "MANTENIMIENTO",
    "severidad": "BAJA",
    "estado": "EN_PROCESO",
    "odometro_km": null,
    "accion_mantenimiento": "",
    "km_mantenimiento": null,
    "matafuego_vto_nuevo": null,
    "auxilio_inicio": null,
    "auxilio_fin": null,
    "descripcion": "MANTENIMIENTO: Parte generado para pruebas",
    "observaciones": "Generado automáticamente para demo/pruebas.",
    "chofer_label": "",
    "parte_mecanico": "",
    "parte_electrico": "",
    "trabajos_carroceria_varios": "",
    "combustible_ruta_detalle": "",
    "created_at": "2026-02-24T17:19:39.207Z"
  }
},
{
  "model": "flota.partediario",
  "pk": 38,
  "fields": {
    "colectivo": 19,
    "fecha_evento": "2026-02-03T17:10:00Z",
    "reportado_por": null,
    "tipo": "INCIDENCIA",
    "severidad": "MEDIA",
    "estado": "EN_PROCESO",
    "odometro_km": null,
    "accion_mantenimiento": "",
    "km_mantenimiento": null,
    "matafuego_vto_nuevo": null,
    "auxilio_inicio": null,
    "auxilio_fin": null,
    "descripcion": "INCIDENCIA: Parte generado para pruebas",
    "observaciones": "Generado automáticamente para demo/pruebas.",
    "chofer_label": "",
    "parte_mecanico": "",
    "parte_electrico": "",
    "trabajos_carroceria_varios": "",
    "combustible_ruta_detalle": "",
    "created_at": "2026-02-24T17:19:39.209Z"
  }
},
{
  "model": "flota.partediario",
  "pk": 39,
  "fields": {
    "colectivo": 28,
    "fecha_evento": "2026-02-22T16:40:00Z",
    "reportado_por": null,
    "tipo": "MANTENIMIENTO",
    "severidad": "BAJA",
    "estado": "RESUELTO",
    "odometro_km": null,
    "accion_mantenimiento": "",
    "km_mantenimiento": null,
    "matafuego_vto_nuevo": null,
    "auxilio_inicio": null,
    "auxilio_fin": null,
    "descripcion": "MANTENIMIENTO: Parte generado para pruebas",
    "observaciones": "Generado automáticamente para demo/pruebas.",
    "chofer_label": "",
    "parte_mecanico": "",
    "parte_electrico": "",
    "trabajos_carroceria_varios": "",
    "combustible_ruta_detalle": "",
    "created_at": "2026-02-24T17:19:39.218Z"
  }
},
{
  "model": "flota.partediario",
  "pk": 40,
  "fields": {
    "colectivo": 26,
    "fecha_evento": "2026-02-08T17:50:00Z",
    "reportado_por": null,
    "tipo": "INCIDENCIA",
    "severidad": "BAJA",
    "estado": "EN_PROCESO",
    "odometro_km": null,
    "accion_mantenimiento": "",
    "km_mantenimiento": null,
    "matafuego_vto_nuevo": null,
    "auxilio_inicio": null,
    "auxilio_fin": null,
    "descripcion": "INCIDENCIA: Parte generado para pruebas",
    "observaciones": "Generado automáticamente para demo/pruebas.",
    "chofer_label": "",
    "parte_mecanico": "",
    "parte_electrico": "",
    "trabajos_carroceria_varios": "",
    "combustible_ruta_detalle": "",
    "created_at": "2026-02-24T17:19:39.221Z"
  }
},
{
  "model": "flota.partediario",
  "pk": 41,
  "fields": {
    "colectivo": 29,
    "fecha_evento": "2026-02-24T07:40:00Z",
    "reportado_por": null,
    "tipo": "AUXILIO",
    "severidad": "BAJA",
    "estado": "EN_PROCESO",
    "odometro_km": null,
    "accion_mantenimiento": "",
    "km_mantenimiento": null,
    "matafuego_vto_nuevo": null,
    "auxilio_inicio": "2026-02-24T07:40:00Z",
    "auxilio_fin": "2026-02-24T08:34:00Z",
    "descripcion": "AUXILIO: Parte generado para pruebas",
    "observaciones": "Generado automáticamente para demo/pruebas.",
    "chofer_label": "",
    "parte_mecanico": "",
    "parte_electrico": "",
    "trabajos_carroceria_varios": "",
    "combustible_ruta_detalle": "",
    "created_at": "2026-02-24T17:19:39.221Z"
  }
},
{
  "model": "flota.partediario",
  "pk": 42,
  "fields": {
    "colectivo": 16,
    "fecha_evento": "2026-02-01T14:00:00Z",
    "reportado_por": null,
    "tipo": "INCIDENCIA",
    "severidad": "BAJA",
    "estado": "ABIERTO",
    "odometro_km": null,
    "accion_mantenimiento": "",
    "km_mantenimiento": null,
    "matafuego_vto_nuevo": null,
    "auxilio_inicio": null,
    "auxilio_fin": null,
    "descripcion": "INCIDENCIA: Parte generado para pruebas",
    "observaciones": "Generado automáticamente para demo/pruebas.",
    "chofer_label": "",
    "parte_mecanico": "",
    "parte_electrico": "",
    "trabajos_carroceria_varios": "",
    "combustible_ruta_detalle": "",
    "created_at": "2026-02-24T17:19:39.238Z"
  }
},
{
  "model": "flota.partediario",
  "pk": 43,
  "fields": {
    "colectivo": 16,
    "fecha_evento": "2026-02-08T17:30:00Z",
    "reportado_por": null,
    "tipo": "INCIDENCIA",
    "severidad": "ALTA",
    "estado": "EN_PROCESO",
    "odometro_km": null,
    "accion_mantenimiento": "",
    "km_mantenimiento": null,
    "matafuego_vto_nuevo": null,
    "auxilio_inicio": null,
    "auxilio_fin": null,
    "descripcion": "INCIDENCIA: Parte generado para pruebas",
    "observaciones": "Generado automáticamente para demo/pruebas.",
    "chofer_label": "",
    "parte_mecanico": "",
    "parte_electrico": "",
    "trabajos_carroceria_varios": "",
    "combustible_ruta_detalle": "",
    "created_at": "2026-02-24T17:19:39.238Z"
  }
},
{
  "model": "flota.partediario",
  "pk": 44,
  "fields": {
    "colectivo": 26,
    "fecha_evento": "2026-02-19T19:45:00Z",
    "reportado_por": null,
    "tipo": "CHECKLIST",
    "severidad": "ALTA",
    "estado": "EN_PROCESO",
    "odometro_km": null,
    "accion_mantenimiento": "",
    "km_mantenimiento": null,
    "matafuego_vto_nuevo": null,
    "auxilio_inicio": null,
    "auxilio_fin": null,
    "descripcion": "CHECKLIST: Parte generado para pruebas",
    "observaciones": "Generado automáticamente para demo/pruebas.",
    "chofer_label": "",
    "parte_mecanico": "",
    "parte_electrico": "",
    "trabajos_carroceria_varios": "",
    "combustible_ruta_detalle": "",
    "created_at": "2026-02-24T17:19:39.238Z"
  }
},
{
  "model": "flota.partediario",
  "pk": 45,
  "fields": {
    "colectivo": 22,
    "fecha_evento": "2026-01-29T14:40:00Z",
    "reportado_por": null,
    "tipo": "MANTENIMIENTO",
    "severidad": "ALTA",
    "estado": "EN_PROCESO",
    "odometro_km": null,
    "accion_mantenimiento": "",
    "km_mantenimiento": null,
    "matafuego_vto_nuevo": null,
    "auxilio_inicio": null,
    "auxilio_fin": null,
    "descripcion": "MANTENIMIENTO: Parte generado para pruebas",
    "observaciones": "Generado automáticamente para demo/pruebas.",
    "chofer_label": "",
    "parte_mecanico": "",
    "parte_electrico": "",
    "trabajos_carroceria_varios": "",
    "combustible_ruta_detalle": "",
    "created_at": "2026-02-24T17:19:39.258Z"
  }
},
{
  "model": "flota.partediario",
  "pk": 46,
  "fields": {
    "colectivo": 19,
    "fecha_evento": "2026-02-10T06:40:00Z",
    "reportado_por": null,
    "tipo": "MANTENIMIENTO",
    "severidad": "BAJA",
    "estado": "RESUELTO",
    "odometro_km": null,
    "accion_mantenimiento": "",
    "km_mantenimiento": null,
    "matafuego_vto_nuevo": null,
    "auxilio_inicio": null,
    "auxilio_fin": null,
    "descripcion": "MANTENIMIENTO: Parte generado para pruebas",
    "observaciones": "Generado automáticamente para demo/pruebas.",
    "chofer_label": "",
    "parte_mecanico": "",
    "parte_electrico": "",
    "trabajos_carroceria_varios": "",
    "combustible_ruta_detalle": "",
    "created_at": "2026-02-24T17:19:39.264Z"
  }
},
{
  "model": "flota.partediario",
  "pk": 47,
  "fields": {
    "colectivo": 17,
    "fecha_evento": "2026-02-05T19:30:00Z",
    "reportado_por": null,
    "tipo": "CHECKLIST",
    "severidad": "BAJA",
    "estado": "RESUELTO",
    "odometro_km": null,
    "accion_mantenimiento": "",
    "km_mantenimiento": null,
    "matafuego_vto_nuevo": null,
    "auxilio_inicio": null,
    "auxilio_fin": null,
    "descripcion": "CHECKLIST: Parte generado para pruebas",
    "observaciones": "Generado automáticamente para demo/pruebas.",
    "chofer_label": "",
    "parte_mecanico": "",
    "parte_electrico": "",
    "trabajos_carroceria_varios": "",
    "combustible_ruta_detalle": "",
    "created_at": "2026-02-24T17:19:39.269Z"
  }
},
{
  "model": "flota.partediario",
  "pk": 48,
  "fields": {
    "colectivo": 21,
    "fecha_evento": "2026-02-18T06:10:00Z",
    "reportado_por": null,
    "tipo": "CHECKLIST",
    "severidad": "BAJA",
    "estado": "ABIERTO",
    "odometro_km": null,
    "accion_mantenimiento": "",
    "km_mantenimiento": null,
    "matafuego_vto_nuevo": null,
    "auxilio_inicio": null,
    "auxilio_fin": null,
    "descripcion": "CHECKLIST: Parte generado para pruebas",
    "observaciones": "Generado automáticamente para demo/pruebas.",
    "chofer_label": "",
    "parte_mecanico": "",
    "parte_electrico": "",
    "trabajos_carroceria_varios": "",
    "combustible_ruta_detalle": "",
    "created_at": "2026-02-24T17:19:39.277Z"
  }
},
{
  "model": "flota.partediario",
  "pk": 49,
  "fields": {
    "colectivo": 17,
    "fecha_evento": "2026-02-15T07:30:00Z",
    "reportado_por": null,
    "tipo": "INCIDENCIA",
    "severidad": "ALTA",
    "estado": "RESUELTO",
    "odometro_km": null,
    "accion_mantenimiento": "",
    "km_mantenimiento": null,
    "matafuego_vto_nuevo": null,
    "auxilio_inicio": null,
    "auxilio_fin": null,
    "descripcion": "INCIDENCIA: Parte generado para pruebas",
    "observaciones": "Generado automáticamente para demo/pruebas.",
    "chofer_label": "",
    "parte_mecanico": "",
    "parte_electrico": "",
    "trabajos_carroceria_varios": "",
    "combustible_ruta_detalle": "",
    "created_at": "2026-02-24T17:19:39.282Z"
  }
},
{
  "model": "flota.partediario",
  "pk": 50,
  "fields": {
    "colectivo": 20,
    "fecha_evento": "2026-02-18T20:10:00Z",
    "reportado_por": null,
    "tipo": "AUXILIO",
    "severidad": "BAJA",
    "estado": "EN_PROCESO",
    "odometro_km": null,
    "accion_mantenimiento": "",
    "km_mantenimiento": null,
    "matafuego_vto_nuevo": null,
    "auxilio_inicio": "2026-02-18T20:10:00Z",
    "auxilio_fin": "2026-02-18T21:31:00Z",
    "descripcion": "AUXILIO: Parte generado para pruebas",
    "observaciones": "Generado automáticamente para demo/pruebas.",
    "chofer_label": "",
    "parte_mecanico": "",
    "parte_electrico": "",
    "trabajos_carroceria_varios": "",
    "combustible_ruta_detalle": "",
    "created_at": "2026-02-24T17:19:39.289Z"
  }
},
{
  "model": "flota.partediario",
  "pk": 51,
  "fields": {
    "colectivo": 23,
    "fecha_evento": "2026-02-10T07:15:00Z",
    "reportado_por": null,
    "tipo": "AUXILIO",
    "severidad": "CRITICA",
    "estado": "EN_PROCESO",
    "odometro_km": null,
    "accion_mantenimiento": "",
    "km_mantenimiento": null,
    "matafuego_vto_nuevo": null,
    "auxilio_inicio": "2026-02-10T07:15:00Z",
    "auxilio_fin": "2026-02-10T07:39:00Z",
    "descripcion": "AUXILIO: Parte generado para pruebas",
    "observaciones": "Generado automáticamente para demo/pruebas.",
    "chofer_label": "",
    "parte_mecanico": "",
    "parte_electrico": "",
    "trabajos_carroceria_varios": "",
    "combustible_ruta_detalle": "",
    "created_at": "2026-02-24T17:19:39.295Z"
  }
},
{
  "model": "flota.partediario",
  "pk": 52,
  "fields": {
    "colectivo": 16,
    "fecha_evento": "2026-02-26T01:53:35.193Z",
    "reportado_por": [
      "admin"
    ],
    "tipo": "INCIDENCIA",
    "severidad": "MEDIA",
    "estado": "ABIERTO",
    "odometro_km": null,
    "accion_mantenimiento": "",
    "km_mantenimiento": null,
    "matafuego_vto_nuevo": null,
    "auxilio_inicio": null,
    "auxilio_fin": null,
    "descripcion": "MECÁNICO: aca va el parte 1\n\nELÉCTRICO: parte 2\n\nCARROCERÍA/VARIOS: parte 3\n\nCOMBUSTIBLE EN RUTA: si se cargo",
    "observaciones": "",
    "chofer_label": "BONFANTI",
    "parte_mecanico": "aca va el parte 1",
    "parte_electrico": "parte 2",
    "trabajos_carroceria_varios": "parte 3",
    "combustible_ruta_detalle": "si se cargo",
    "created_at": "2026-02-26T01:53:35.200Z"
  }
},
{
  "model": "flota.partediario",
  "pk": 53,
  "fields": {
    "colectivo": 29,
    "fecha_evento": "2026-02-26T01:55:51.838Z",
    "reportado_por": [
      "admin"
    ],
    "tipo": "INCIDENCIA",
    "severidad": "MEDIA",
    "estado": "ABIERTO",
    "odometro_km": null,
    "accion_mantenimiento": "",
    "km_mantenimiento": null,
    "matafuego_vto_nuevo": null,
    "auxilio_inicio": null,
    "auxilio_fin": null,
    "descripcion": "MECÁNICO: aca va el parte 41\n\nELÉCTRICO: parte 2 123\n\nCARROCERÍA/VARIOS: parte 3 se\n\nCOMBUSTIBLE EN RUTA: si se cargo a",
    "observaciones": "",
    "chofer_label": "GALARZA",
    "parte_mecanico": "aca va el parte 41",
    "parte_electrico": "parte 2 123",
    "trabajos_carroceria_varios": "parte 3 se",
    "combustible_ruta_detalle": "si se cargo a",
    "created_at": "2026-02-26T01:55:51.843Z"
  }
},
{
  "model": "flota.partediarioadjunto",
  "pk": 1,
  "fields": {
    "parte": 37,
    "archivo": "partes_diarios/2026/02/24/logolt.jpeg",
    "descripcion": "",
    "created_at": "2026-02-24T20:49:21.704Z"
  }
},
{
  "model": "flota.partediarioadjunto",
  "pk": 2,
  "fields": {
    "parte": 1,
    "archivo": "partes_diarios/2026/02/24/logolt_E4xlMFS.jpeg",
    "descripcion": "",
    "created_at": "2026-02-24T20:52:03.761Z"
  }
},
{
  "model": "flota.salidaprogramada",
  "pk": 1,
  "fields": {
    "created_at": "2026-02-25T07:33:07.789Z",
    "updated_at": "2026-02-25T08:33:26.564Z",
    "colectivo": 16,
    "salida_programada": "2026-02-25T08:32:00Z",
    "llegada_programada": null,
    "salida_real": null,
    "llegada_real": null,
    "tipo": "NORMAL",
    "estado": "PROGRAMADA",
    "seccion": "SÁENZ PEÑA - RESISTENCIA",
    "salida_label": "12:00 DIRECTO",
    "regreso": "09:00 INT",
    "chofer": "BONFANTI",
    "recorrido": "BERMEJITO - S PEÑA",
    "nota": "sise va"
  }
},
{
  "model": "flota.salidaprogramada",
  "pk": 2,
  "fields": {
    "created_at": "2026-02-25T07:53:04.737Z",
    "updated_at": "2026-02-25T07:53:04.737Z",
    "colectivo": 16,
    "salida_programada": "2026-02-26T08:00:00Z",
    "llegada_programada": null,
    "salida_real": null,
    "llegada_real": null,
    "tipo": "NORMAL",
    "estado": "PROGRAMADA",
    "seccion": "SÁENZ PEÑA - RESISTENCIA",
    "salida_label": "05:00 DIRECTO",
    "regreso": "12:00 DIR",
    "chofer": "PEREÑA",
    "recorrido": "S PEÑA - RESISTENCIA",
    "nota": ""
  }
},
{
  "model": "flota.salidaprogramada",
  "pk": 3,
  "fields": {
    "created_at": "2026-02-25T07:53:04.748Z",
    "updated_at": "2026-02-25T07:53:04.748Z",
    "colectivo": 17,
    "salida_programada": "2026-02-26T08:00:00Z",
    "llegada_programada": null,
    "salida_real": null,
    "llegada_real": null,
    "tipo": "NORMAL",
    "estado": "PROGRAMADA",
    "seccion": "SÁENZ PEÑA - RESISTENCIA",
    "salida_label": "05:00 INTERMEDIO",
    "regreso": "09:00 DIR",
    "chofer": "GALARZA",
    "recorrido": "S PEÑA - RESISTENCIA",
    "nota": ""
  }
},
{
  "model": "flota.salidaprogramada",
  "pk": 4,
  "fields": {
    "created_at": "2026-02-25T07:53:04.755Z",
    "updated_at": "2026-02-25T07:53:04.755Z",
    "colectivo": 19,
    "salida_programada": "2026-02-26T09:00:00Z",
    "llegada_programada": null,
    "salida_real": null,
    "llegada_real": null,
    "tipo": "NORMAL",
    "estado": "PROGRAMADA",
    "seccion": "SÁENZ PEÑA - RESISTENCIA",
    "salida_label": "06:00 DIRECTO",
    "regreso": "09:00 INT",
    "chofer": "RAPP",
    "recorrido": "S PEÑA - RESISTENCIA",
    "nota": ""
  }
},
{
  "model": "flota.salidaprogramada",
  "pk": 5,
  "fields": {
    "created_at": "2026-02-25T07:53:04.762Z",
    "updated_at": "2026-02-25T07:53:04.762Z",
    "colectivo": 20,
    "salida_programada": "2026-02-26T09:00:00Z",
    "llegada_programada": null,
    "salida_real": null,
    "llegada_real": null,
    "tipo": "NORMAL",
    "estado": "PROGRAMADA",
    "seccion": "SÁENZ PEÑA - RESISTENCIA",
    "salida_label": "06:00 INTERMEDIO",
    "regreso": "07:30",
    "chofer": "MENDOZA",
    "recorrido": "S PEÑA - RESISTENCIA",
    "nota": ""
  }
},
{
  "model": "flota.salidaprogramada",
  "pk": 6,
  "fields": {
    "created_at": "2026-02-25T07:53:04.769Z",
    "updated_at": "2026-02-25T07:53:04.769Z",
    "colectivo": 21,
    "salida_programada": "2026-02-26T15:00:00Z",
    "llegada_programada": null,
    "salida_real": null,
    "llegada_real": null,
    "tipo": "NORMAL",
    "estado": "PROGRAMADA",
    "seccion": "SÁENZ PEÑA - RESISTENCIA",
    "salida_label": "12:00 DIRECTO",
    "regreso": "06:00 DIR",
    "chofer": "VIANI",
    "recorrido": "S PEÑA - RESISTENCIA",
    "nota": "Vuelve al día sig."
  }
},
{
  "model": "flota.salidaprogramada",
  "pk": 7,
  "fields": {
    "created_at": "2026-02-25T07:53:04.777Z",
    "updated_at": "2026-02-25T07:53:04.777Z",
    "colectivo": 22,
    "salida_programada": "2026-02-26T18:00:00Z",
    "llegada_programada": null,
    "salida_real": null,
    "llegada_real": null,
    "tipo": "NORMAL",
    "estado": "PROGRAMADA",
    "seccion": "SÁENZ PEÑA - RESISTENCIA",
    "salida_label": "15:00 DIRECTO",
    "regreso": "09:00 DIR",
    "chofer": "BONFANTI",
    "recorrido": "S PEÑA - RESISTENCIA",
    "nota": ""
  }
},
{
  "model": "flota.salidaprogramada",
  "pk": 8,
  "fields": {
    "created_at": "2026-02-25T07:53:04.784Z",
    "updated_at": "2026-02-25T07:53:04.784Z",
    "colectivo": 23,
    "salida_programada": "2026-02-26T18:00:00Z",
    "llegada_programada": null,
    "salida_real": null,
    "llegada_real": null,
    "tipo": "NORMAL",
    "estado": "PROGRAMADA",
    "seccion": "SÁENZ PEÑA - RESISTENCIA",
    "salida_label": "15:00 INTERMEDIO",
    "regreso": "21:00",
    "chofer": "AYALA",
    "recorrido": "S PEÑA - RESISTENCIA",
    "nota": ""
  }
},
{
  "model": "flota.salidaprogramada",
  "pk": 9,
  "fields": {
    "created_at": "2026-02-25T07:53:04.791Z",
    "updated_at": "2026-02-25T07:53:04.791Z",
    "colectivo": 24,
    "salida_programada": "2026-02-26T23:00:00Z",
    "llegada_programada": null,
    "salida_real": null,
    "llegada_real": null,
    "tipo": "NORMAL",
    "estado": "PROGRAMADA",
    "seccion": "SÁENZ PEÑA - RESISTENCIA",
    "salida_label": "20:00 INTERMEDIO",
    "regreso": "09:00 INT",
    "chofer": "SOSA",
    "recorrido": "S PEÑA - RESISTENCIA",
    "nota": ""
  }
},
{
  "model": "flota.salidaprogramada",
  "pk": 10,
  "fields": {
    "created_at": "2026-02-25T07:53:04.798Z",
    "updated_at": "2026-02-25T07:53:04.798Z",
    "colectivo": 25,
    "salida_programada": "2026-02-26T23:00:00Z",
    "llegada_programada": null,
    "salida_real": null,
    "llegada_real": null,
    "tipo": "NORMAL",
    "estado": "PROGRAMADA",
    "seccion": "SÁENZ PEÑA - RESISTENCIA",
    "salida_label": "20:00 REFUERZO",
    "regreso": "21:00",
    "chofer": "VERA",
    "recorrido": "S PEÑA - RESISTENCIA",
    "nota": "Refuerzo nocturno"
  }
},
{
  "model": "flota.salidaprogramada",
  "pk": 11,
  "fields": {
    "created_at": "2026-02-25T07:53:04.805Z",
    "updated_at": "2026-02-25T07:53:04.805Z",
    "colectivo": 26,
    "salida_programada": "2026-02-26T11:30:00Z",
    "llegada_programada": null,
    "salida_real": null,
    "llegada_real": null,
    "tipo": "NORMAL",
    "estado": "PROGRAMADA",
    "seccion": "S PEÑA - MIRAFLORES - V. R. BERMEJITO",
    "salida_label": "BERMEJITO 08:30HS",
    "regreso": "15:30",
    "chofer": "NUÑEZ",
    "recorrido": "BERMEJITO - S PEÑA",
    "nota": ""
  }
},
{
  "model": "flota.salidaprogramada",
  "pk": 12,
  "fields": {
    "created_at": "2026-02-25T07:55:37.387Z",
    "updated_at": "2026-02-25T08:57:01.599Z",
    "colectivo": 17,
    "salida_programada": "2026-02-25T15:00:00Z",
    "llegada_programada": null,
    "salida_real": null,
    "llegada_real": null,
    "tipo": "NORMAL",
    "estado": "PROGRAMADA",
    "seccion": "S PEÑA - MIRAFLORES - V. R. BERMEJITO",
    "salida_label": "05:00 DIRECTO",
    "regreso": "12:00 DIR",
    "chofer": "AYALA",
    "recorrido": "S PEÑA - RESISTENCIA",
    "nota": "sise va"
  }
},
{
  "model": "flota.salidaprogramada",
  "pk": 13,
  "fields": {
    "created_at": "2026-02-25T08:23:28.290Z",
    "updated_at": "2026-02-25T08:23:28.290Z",
    "colectivo": 18,
    "salida_programada": "2026-02-25T16:21:00Z",
    "llegada_programada": null,
    "salida_real": null,
    "llegada_real": null,
    "tipo": "NORMAL",
    "estado": "PROGRAMADA",
    "seccion": "S PEÑA - MIRAFLORES - V. R. BERMEJITO",
    "salida_label": "12:00 DIRECTO",
    "regreso": "21:00",
    "chofer": "GALARZA",
    "recorrido": "RESISTENCIA-S PEÑA",
    "nota": "sale temprano"
  }
},
{
  "model": "flota.salidaprogramada",
  "pk": 14,
  "fields": {
    "created_at": "2026-02-25T08:31:59.009Z",
    "updated_at": "2026-02-25T08:31:59.009Z",
    "colectivo": 21,
    "salida_programada": "2026-02-26T12:31:00Z",
    "llegada_programada": "2026-02-25T11:31:00Z",
    "salida_real": null,
    "llegada_real": null,
    "tipo": "NORMAL",
    "estado": "PROGRAMADA",
    "seccion": "S PEÑA - MIRAFLORES - V. R. BERMEJITO",
    "salida_label": "05:00 DIRECTO",
    "regreso": "06:00 DIR",
    "chofer": "VIANI",
    "recorrido": "S PEÑA - RESISTENCIA",
    "nota": ""
  }
},
{
  "model": "flota.salidaprogramada",
  "pk": 15,
  "fields": {
    "created_at": "2026-02-26T05:59:54.048Z",
    "updated_at": "2026-02-26T06:08:30.894Z",
    "colectivo": 16,
    "salida_programada": "2026-02-26T11:07:00Z",
    "llegada_programada": "2026-02-28T06:08:00Z",
    "salida_real": null,
    "llegada_real": null,
    "tipo": "ESPECIAL",
    "estado": "PROGRAMADA",
    "seccion": "S PEÑA - MIRAFLORES - V. R. BERMEJITO",
    "salida_label": "06:00 DIRECTO",
    "regreso": "21:00",
    "chofer": "GALARZA",
    "recorrido": "S PEÑA - RESISTENCIA",
    "nota": "sise va"
  }
},
{
  "model": "flota.chofer",
  "pk": 1,
  "fields": {
    "created_at": "2026-02-25T22:05:14.457Z",
    "updated_at": "2026-02-25T22:31:27.257Z",
    "apellido": "CPIN",
    "nombre": "Juan Pablo",
    "legajo": "1004",
    "telefono": "3516001004",
    "observaciones": "Teléfono de prueba",
    "foto_1": "",
    "foto_2": "",
    "is_active": true
  }
},
{
  "model": "flota.chofer",
  "pk": 2,
  "fields": {
    "created_at": "2026-02-25T22:05:14.463Z",
    "updated_at": "2026-02-25T22:31:27.352Z",
    "apellido": "ROMERO",
    "nombre": "Pablo",
    "legajo": "1014",
    "telefono": "3516001014",
    "observaciones": "Registro ficticio",
    "foto_1": "",
    "foto_2": "",
    "is_active": true
  }
},
{
  "model": "flota.chofer",
  "pk": 3,
  "fields": {
    "created_at": "2026-02-25T22:14:05.089Z",
    "updated_at": "2026-02-25T22:14:05.089Z",
    "apellido": "Gauna",
    "nombre": "Alfredo",
    "legajo": null,
    "telefono": "",
    "observaciones": "",
    "foto_1": "",
    "foto_2": "",
    "is_active": true
  }
},
{
  "model": "flota.chofer",
  "pk": 4,
  "fields": {
    "created_at": "2026-02-25T22:31:27.237Z",
    "updated_at": "2026-02-26T04:51:20.162Z",
    "apellido": "BARRETO",
    "nombre": "Lucas",
    "legajo": "1001",
    "telefono": "3516001001",
    "observaciones": "Alta ficticia para pruebass",
    "foto_1": "",
    "foto_2": "",
    "is_active": true
  }
},
{
  "model": "flota.chofer",
  "pk": 5,
  "fields": {
    "created_at": "2026-02-25T22:31:27.244Z",
    "updated_at": "2026-02-25T22:31:27.244Z",
    "apellido": "BONFANTI",
    "nombre": "Mariano",
    "legajo": "1002",
    "telefono": "3516001002",
    "observaciones": "Registro de prueba",
    "foto_1": "",
    "foto_2": "",
    "is_active": true
  }
},
{
  "model": "flota.chofer",
  "pk": 6,
  "fields": {
    "created_at": "2026-02-25T22:31:27.252Z",
    "updated_at": "2026-02-25T22:31:27.252Z",
    "apellido": "COMISO",
    "nombre": "Diego",
    "legajo": "1003",
    "telefono": "3516001003",
    "observaciones": "Datos ficticios",
    "foto_1": "",
    "foto_2": "",
    "is_active": true
  }
},
{
  "model": "flota.chofer",
  "pk": 7,
  "fields": {
    "created_at": "2026-02-25T22:31:27.263Z",
    "updated_at": "2026-02-25T22:31:27.264Z",
    "apellido": "GALARZA",
    "nombre": "Sergio",
    "legajo": "1005",
    "telefono": "3516001005",
    "observaciones": "OK pruebas",
    "foto_1": "",
    "foto_2": "",
    "is_active": true
  }
},
{
  "model": "flota.chofer",
  "pk": 8,
  "fields": {
    "created_at": "2026-02-25T22:31:27.271Z",
    "updated_at": "2026-02-25T22:31:27.271Z",
    "apellido": "GAUNA",
    "nombre": "Ezequiel",
    "legajo": "1006",
    "telefono": "3516001006",
    "observaciones": "Chofer demo",
    "foto_1": "",
    "foto_2": "",
    "is_active": true
  }
},
{
  "model": "flota.chofer",
  "pk": 9,
  "fields": {
    "created_at": "2026-02-25T22:31:27.277Z",
    "updated_at": "2026-02-25T22:31:27.277Z",
    "apellido": "JUAREZ",
    "nombre": "Matías",
    "legajo": "1007",
    "telefono": "3516001007",
    "observaciones": "Prueba importación",
    "foto_1": "",
    "foto_2": "",
    "is_active": true
  }
},
{
  "model": "flota.chofer",
  "pk": 10,
  "fields": {
    "created_at": "2026-02-25T22:31:27.284Z",
    "updated_at": "2026-02-25T22:31:27.284Z",
    "apellido": "LONGHI",
    "nombre": "Federico",
    "legajo": "1008",
    "telefono": "3516001008",
    "observaciones": "Aparece en columna REGRESO",
    "foto_1": "",
    "foto_2": "",
    "is_active": true
  }
},
{
  "model": "flota.chofer",
  "pk": 11,
  "fields": {
    "created_at": "2026-02-25T22:31:27.292Z",
    "updated_at": "2026-02-25T22:31:27.292Z",
    "apellido": "MENDOZA",
    "nombre": "Nicolás",
    "legajo": "1009",
    "telefono": "3516001009",
    "observaciones": "Observación ficticia",
    "foto_1": "",
    "foto_2": "",
    "is_active": true
  }
},
{
  "model": "flota.chofer",
  "pk": 12,
  "fields": {
    "created_at": "2026-02-25T22:31:27.299Z",
    "updated_at": "2026-02-25T22:31:27.299Z",
    "apellido": "NUÑEZ",
    "nombre": "Agustín",
    "legajo": "1010",
    "telefono": "3516001010",
    "observaciones": "Sin novedades",
    "foto_1": "",
    "foto_2": "",
    "is_active": true
  }
},
{
  "model": "flota.chofer",
  "pk": 13,
  "fields": {
    "created_at": "2026-02-25T22:31:27.306Z",
    "updated_at": "2026-02-25T22:31:27.306Z",
    "apellido": "ORTIZ",
    "nombre": "Gonzalo",
    "legajo": "1011",
    "telefono": "3516001011",
    "observaciones": "Cargado para testing",
    "foto_1": "",
    "foto_2": "",
    "is_active": true
  }
},
{
  "model": "flota.chofer",
  "pk": 14,
  "fields": {
    "created_at": "2026-02-25T22:31:27.312Z",
    "updated_at": "2026-02-25T22:31:27.312Z",
    "apellido": "PEREÑA",
    "nombre": "Ramiro",
    "legajo": "1012",
    "telefono": "3516001012",
    "observaciones": "Prueba módulo RRHH",
    "foto_1": "",
    "foto_2": "",
    "is_active": true
  }
},
{
  "model": "flota.chofer",
  "pk": 15,
  "fields": {
    "created_at": "2026-02-25T22:31:27.319Z",
    "updated_at": "2026-02-25T22:31:27.319Z",
    "apellido": "RAPP",
    "nombre": "Facundo",
    "legajo": "1013",
    "telefono": "3516001013",
    "observaciones": "Validar actualización",
    "foto_1": "",
    "foto_2": "",
    "is_active": true
  }
},
{
  "model": "flota.chofer",
  "pk": 16,
  "fields": {
    "created_at": "2026-02-25T22:31:27.398Z",
    "updated_at": "2026-02-25T22:31:27.398Z",
    "apellido": "SAYAS",
    "nombre": "Hernán",
    "legajo": "1015",
    "telefono": "3516001015",
    "observaciones": "OK",
    "foto_1": "",
    "foto_2": "",
    "is_active": true
  }
},
{
  "model": "flota.chofer",
  "pk": 17,
  "fields": {
    "created_at": "2026-02-25T22:31:27.409Z",
    "updated_at": "2026-02-25T22:31:27.409Z",
    "apellido": "SOSA",
    "nombre": "Cristian",
    "legajo": "1016",
    "telefono": "3516001016",
    "observaciones": "Prueba CSV",
    "foto_1": "",
    "foto_2": "",
    "is_active": true
  }
},
{
  "model": "flota.chofer",
  "pk": 18,
  "fields": {
    "created_at": "2026-02-25T22:31:27.414Z",
    "updated_at": "2026-02-25T22:31:27.414Z",
    "apellido": "VICINI",
    "nombre": "Iván",
    "legajo": "1017",
    "telefono": "3516001017",
    "observaciones": "Alta QA",
    "foto_1": "",
    "foto_2": "",
    "is_active": true
  }
},
{
  "model": "inventario.categoria",
  "pk": 1,
  "fields": {
    "created_at": "2026-02-20T22:03:45.696Z",
    "updated_at": "2026-02-20T22:03:45.696Z",
    "nombre": "Repuestos",
    "descripcion": "",
    "is_active": true
  }
},
{
  "model": "inventario.categoria",
  "pk": 2,
  "fields": {
    "created_at": "2026-02-20T22:03:45.697Z",
    "updated_at": "2026-02-20T22:03:45.697Z",
    "nombre": "Lubricantes",
    "descripcion": "",
    "is_active": true
  }
},
{
  "model": "inventario.categoria",
  "pk": 3,
  "fields": {
    "created_at": "2026-02-20T22:03:45.698Z",
    "updated_at": "2026-02-20T22:03:45.698Z",
    "nombre": "Seguridad",
    "descripcion": "",
    "is_active": true
  }
},
{
  "model": "inventario.subcategoria",
  "pk": 1,
  "fields": {
    "created_at": "2026-02-20T22:03:45.700Z",
    "updated_at": "2026-02-20T22:03:45.700Z",
    "categoria": 1,
    "nombre": "Filtros",
    "descripcion": "",
    "is_active": true
  }
},
{
  "model": "inventario.subcategoria",
  "pk": 2,
  "fields": {
    "created_at": "2026-02-20T22:03:45.701Z",
    "updated_at": "2026-02-20T22:03:45.701Z",
    "categoria": 1,
    "nombre": "Frenos",
    "descripcion": "",
    "is_active": true
  }
},
{
  "model": "inventario.subcategoria",
  "pk": 3,
  "fields": {
    "created_at": "2026-02-20T22:03:45.702Z",
    "updated_at": "2026-02-20T22:03:45.702Z",
    "categoria": 2,
    "nombre": "Aceites",
    "descripcion": "",
    "is_active": true
  }
},
{
  "model": "inventario.subcategoria",
  "pk": 4,
  "fields": {
    "created_at": "2026-02-20T22:03:45.703Z",
    "updated_at": "2026-02-20T22:03:45.703Z",
    "categoria": 3,
    "nombre": "EPP",
    "descripcion": "",
    "is_active": true
  }
},
{
  "model": "inventario.unidadmedida",
  "pk": 1,
  "fields": {
    "created_at": "2026-02-20T22:03:45.704Z",
    "updated_at": "2026-02-20T22:03:45.704Z",
    "nombre": "Unidad",
    "abreviatura": "u",
    "permite_decimales": false,
    "is_active": true
  }
},
{
  "model": "inventario.unidadmedida",
  "pk": 2,
  "fields": {
    "created_at": "2026-02-20T22:03:45.705Z",
    "updated_at": "2026-02-20T22:03:45.705Z",
    "nombre": "Litro",
    "abreviatura": "lt",
    "permite_decimales": false,
    "is_active": true
  }
},
{
  "model": "inventario.unidadmedida",
  "pk": 3,
  "fields": {
    "created_at": "2026-02-20T22:03:45.706Z",
    "updated_at": "2026-02-20T22:03:45.706Z",
    "nombre": "Caja",
    "abreviatura": "caja",
    "permite_decimales": false,
    "is_active": true
  }
},
{
  "model": "inventario.proveedor",
  "pk": 1,
  "fields": {
    "created_at": "2026-02-20T22:03:45.708Z",
    "updated_at": "2026-02-20T22:03:45.708Z",
    "nombre": "Proveedor A",
    "cuit": null,
    "telefono": "",
    "email": "",
    "direccion": "",
    "is_active": true
  }
},
{
  "model": "inventario.proveedor",
  "pk": 2,
  "fields": {
    "created_at": "2026-02-20T22:03:45.709Z",
    "updated_at": "2026-02-20T22:03:45.709Z",
    "nombre": "Proveedor B",
    "cuit": null,
    "telefono": "",
    "email": "",
    "direccion": "",
    "is_active": true
  }
},
{
  "model": "inventario.ubicacion",
  "pk": 1,
  "fields": {
    "created_at": "2026-02-20T22:03:45.710Z",
    "updated_at": "2026-02-20T22:03:45.710Z",
    "codigo": "DEP-01",
    "nombre": "Depósito Central",
    "tipo": "DEPOSITO",
    "padre": null,
    "pasillo": "",
    "modulo": null,
    "nivel": null,
    "posicion": null,
    "permite_transferencias": true,
    "referencia": "",
    "descripcion": "",
    "is_active": true
  }
},
{
  "model": "inventario.ubicacion",
  "pk": 2,
  "fields": {
    "created_at": "2026-02-20T22:03:45.711Z",
    "updated_at": "2026-02-20T22:03:45.711Z",
    "codigo": "TAL-01",
    "nombre": "Taller",
    "tipo": "DEPOSITO",
    "padre": null,
    "pasillo": "",
    "modulo": null,
    "nivel": null,
    "posicion": null,
    "permite_transferencias": true,
    "referencia": "",
    "descripcion": "",
    "is_active": true
  }
},
{
  "model": "inventario.ubicacion",
  "pk": 3,
  "fields": {
    "created_at": "2026-02-20T22:03:45.712Z",
    "updated_at": "2026-02-20T22:03:45.712Z",
    "codigo": "MOS-01",
    "nombre": "Mostrador",
    "tipo": "DEPOSITO",
    "padre": null,
    "pasillo": "",
    "modulo": null,
    "nivel": null,
    "posicion": null,
    "permite_transferencias": true,
    "referencia": "",
    "descripcion": "",
    "is_active": true
  }
},
{
  "model": "inventario.ubicacion",
  "pk": 4,
  "fields": {
    "created_at": "2026-02-21T21:08:57.221Z",
    "updated_at": "2026-02-21T21:08:57.221Z",
    "codigo": "DP",
    "nombre": "Depósito Principal",
    "tipo": "DEPOSITO",
    "padre": null,
    "pasillo": "",
    "modulo": null,
    "nivel": null,
    "posicion": null,
    "permite_transferencias": false,
    "referencia": "",
    "descripcion": "",
    "is_active": true
  }
},
{
  "model": "inventario.ubicacion",
  "pk": 5,
  "fields": {
    "created_at": "2026-02-21T21:08:57.224Z",
    "updated_at": "2026-02-21T21:08:57.224Z",
    "codigo": "DP-SIN-UBICAR",
    "nombre": "Depósito Principal · Sin ubicar",
    "tipo": "POSICION",
    "padre": 4,
    "pasillo": "SIN",
    "modulo": null,
    "nivel": null,
    "posicion": null,
    "permite_transferencias": true,
    "referencia": "",
    "descripcion": "",
    "is_active": true
  }
},
{
  "model": "inventario.ubicacion",
  "pk": 6,
  "fields": {
    "created_at": "2026-02-21T21:08:57.225Z",
    "updated_at": "2026-02-21T21:08:57.225Z",
    "codigo": "DP-A",
    "nombre": "Depósito Principal · Pasillo A",
    "tipo": "PASILLO",
    "padre": 4,
    "pasillo": "A",
    "modulo": null,
    "nivel": null,
    "posicion": null,
    "permite_transferencias": false,
    "referencia": "",
    "descripcion": "",
    "is_active": true
  }
},
{
  "model": "inventario.ubicacion",
  "pk": 7,
  "fields": {
    "created_at": "2026-02-21T21:08:57.226Z",
    "updated_at": "2026-02-21T21:08:57.226Z",
    "codigo": "DP-A-01",
    "nombre": "Depósito Principal · A M01",
    "tipo": "MODULO",
    "padre": 6,
    "pasillo": "A",
    "modulo": 1,
    "nivel": null,
    "posicion": null,
    "permite_transferencias": false,
    "referencia": "",
    "descripcion": "",
    "is_active": true
  }
},
{
  "model": "inventario.ubicacion",
  "pk": 8,
  "fields": {
    "created_at": "2026-02-21T21:08:57.228Z",
    "updated_at": "2026-02-21T21:08:57.228Z",
    "codigo": "DP-A-01-01",
    "nombre": "Depósito Principal · A M01 N01",
    "tipo": "NIVEL",
    "padre": 7,
    "pasillo": "A",
    "modulo": 1,
    "nivel": 1,
    "posicion": null,
    "permite_transferencias": false,
    "referencia": "",
    "descripcion": "",
    "is_active": true
  }
},
{
  "model": "inventario.ubicacion",
  "pk": 9,
  "fields": {
    "created_at": "2026-02-21T21:08:57.229Z",
    "updated_at": "2026-02-21T21:08:57.229Z",
    "codigo": "DP-A-01-01-01",
    "nombre": "Depósito Principal · A M01 N01 P01",
    "tipo": "POSICION",
    "padre": 8,
    "pasillo": "A",
    "modulo": 1,
    "nivel": 1,
    "posicion": 1,
    "permite_transferencias": true,
    "referencia": "",
    "descripcion": "",
    "is_active": true
  }
},
{
  "model": "inventario.ubicacion",
  "pk": 10,
  "fields": {
    "created_at": "2026-02-21T21:08:57.230Z",
    "updated_at": "2026-02-21T21:08:57.230Z",
    "codigo": "DP-A-01-01-02",
    "nombre": "Depósito Principal · A M01 N01 P02",
    "tipo": "POSICION",
    "padre": 8,
    "pasillo": "A",
    "modulo": 1,
    "nivel": 1,
    "posicion": 2,
    "permite_transferencias": true,
    "referencia": "",
    "descripcion": "",
    "is_active": true
  }
},
{
  "model": "inventario.ubicacion",
  "pk": 11,
  "fields": {
    "created_at": "2026-02-21T21:08:57.231Z",
    "updated_at": "2026-02-21T21:08:57.231Z",
    "codigo": "DP-A-01-01-03",
    "nombre": "Depósito Principal · A M01 N01 P03",
    "tipo": "POSICION",
    "padre": 8,
    "pasillo": "A",
    "modulo": 1,
    "nivel": 1,
    "posicion": 3,
    "permite_transferencias": true,
    "referencia": "",
    "descripcion": "",
    "is_active": true
  }
},
{
  "model": "inventario.ubicacion",
  "pk": 12,
  "fields": {
    "created_at": "2026-02-21T21:08:57.232Z",
    "updated_at": "2026-02-21T21:08:57.232Z",
    "codigo": "DP-A-01-01-04",
    "nombre": "Depósito Principal · A M01 N01 P04",
    "tipo": "POSICION",
    "padre": 8,
    "pasillo": "A",
    "modulo": 1,
    "nivel": 1,
    "posicion": 4,
    "permite_transferencias": true,
    "referencia": "",
    "descripcion": "",
    "is_active": true
  }
},
{
  "model": "inventario.ubicacion",
  "pk": 13,
  "fields": {
    "created_at": "2026-02-21T21:08:57.233Z",
    "updated_at": "2026-02-21T21:08:57.233Z",
    "codigo": "DP-A-01-02",
    "nombre": "Depósito Principal · A M01 N02",
    "tipo": "NIVEL",
    "padre": 7,
    "pasillo": "A",
    "modulo": 1,
    "nivel": 2,
    "posicion": null,
    "permite_transferencias": false,
    "referencia": "",
    "descripcion": "",
    "is_active": true
  }
},
{
  "model": "inventario.ubicacion",
  "pk": 14,
  "fields": {
    "created_at": "2026-02-21T21:08:57.235Z",
    "updated_at": "2026-02-21T21:08:57.235Z",
    "codigo": "DP-A-01-02-01",
    "nombre": "Depósito Principal · A M01 N02 P01",
    "tipo": "POSICION",
    "padre": 13,
    "pasillo": "A",
    "modulo": 1,
    "nivel": 2,
    "posicion": 1,
    "permite_transferencias": true,
    "referencia": "",
    "descripcion": "",
    "is_active": true
  }
},
{
  "model": "inventario.ubicacion",
  "pk": 15,
  "fields": {
    "created_at": "2026-02-21T21:08:57.236Z",
    "updated_at": "2026-02-21T21:08:57.236Z",
    "codigo": "DP-A-01-02-02",
    "nombre": "Depósito Principal · A M01 N02 P02",
    "tipo": "POSICION",
    "padre": 13,
    "pasillo": "A",
    "modulo": 1,
    "nivel": 2,
    "posicion": 2,
    "permite_transferencias": true,
    "referencia": "",
    "descripcion": "",
    "is_active": true
  }
},
{
  "model": "inventario.ubicacion",
  "pk": 16,
  "fields": {
    "created_at": "2026-02-21T21:08:57.237Z",
    "updated_at": "2026-02-21T21:08:57.237Z",
    "codigo": "DP-A-01-02-03",
    "nombre": "Depósito Principal · A M01 N02 P03",
    "tipo": "POSICION",
    "padre": 13,
    "pasillo": "A",
    "modulo": 1,
    "nivel": 2,
    "posicion": 3,
    "permite_transferencias": true,
    "referencia": "",
    "descripcion": "",
    "is_active": true
  }
},
{
  "model": "inventario.ubicacion",
  "pk": 17,
  "fields": {
    "created_at": "2026-02-21T21:08:57.238Z",
    "updated_at": "2026-02-21T21:08:57.238Z",
    "codigo": "DP-A-01-02-04",
    "nombre": "Depósito Principal · A M01 N02 P04",
    "tipo": "POSICION",
    "padre": 13,
    "pasillo": "A",
    "modulo": 1,
    "nivel": 2,
    "posicion": 4,
    "permite_transferencias": true,
    "referencia": "",
    "descripcion": "",
    "is_active": true
  }
},
{
  "model": "inventario.ubicacion",
  "pk": 18,
  "fields": {
    "created_at": "2026-02-21T21:08:57.238Z",
    "updated_at": "2026-02-21T21:08:57.238Z",
    "codigo": "DP-A-01-03",
    "nombre": "Depósito Principal · A M01 N03",
    "tipo": "NIVEL",
    "padre": 7,
    "pasillo": "A",
    "modulo": 1,
    "nivel": 3,
    "posicion": null,
    "permite_transferencias": false,
    "referencia": "",
    "descripcion": "",
    "is_active": true
  }
},
{
  "model": "inventario.ubicacion",
  "pk": 19,
  "fields": {
    "created_at": "2026-02-21T21:08:57.238Z",
    "updated_at": "2026-02-21T21:08:57.238Z",
    "codigo": "DP-A-01-03-01",
    "nombre": "Depósito Principal · A M01 N03 P01",
    "tipo": "POSICION",
    "padre": 18,
    "pasillo": "A",
    "modulo": 1,
    "nivel": 3,
    "posicion": 1,
    "permite_transferencias": true,
    "referencia": "",
    "descripcion": "",
    "is_active": true
  }
},
{
  "model": "inventario.ubicacion",
  "pk": 20,
  "fields": {
    "created_at": "2026-02-21T21:08:57.238Z",
    "updated_at": "2026-02-21T21:08:57.238Z",
    "codigo": "DP-A-01-03-02",
    "nombre": "Depósito Principal · A M01 N03 P02",
    "tipo": "POSICION",
    "padre": 18,
    "pasillo": "A",
    "modulo": 1,
    "nivel": 3,
    "posicion": 2,
    "permite_transferencias": true,
    "referencia": "",
    "descripcion": "",
    "is_active": true
  }
},
{
  "model": "inventario.ubicacion",
  "pk": 21,
  "fields": {
    "created_at": "2026-02-21T21:08:57.238Z",
    "updated_at": "2026-02-21T21:08:57.238Z",
    "codigo": "DP-A-01-03-03",
    "nombre": "Depósito Principal · A M01 N03 P03",
    "tipo": "POSICION",
    "padre": 18,
    "pasillo": "A",
    "modulo": 1,
    "nivel": 3,
    "posicion": 3,
    "permite_transferencias": true,
    "referencia": "",
    "descripcion": "",
    "is_active": true
  }
},
{
  "model": "inventario.ubicacion",
  "pk": 22,
  "fields": {
    "created_at": "2026-02-21T21:08:57.238Z",
    "updated_at": "2026-02-21T21:08:57.238Z",
    "codigo": "DP-A-01-03-04",
    "nombre": "Depósito Principal · A M01 N03 P04",
    "tipo": "POSICION",
    "padre": 18,
    "pasillo": "A",
    "modulo": 1,
    "nivel": 3,
    "posicion": 4,
    "permite_transferencias": true,
    "referencia": "",
    "descripcion": "",
    "is_active": true
  }
},
{
  "model": "inventario.ubicacion",
  "pk": 23,
  "fields": {
    "created_at": "2026-02-21T21:08:57.238Z",
    "updated_at": "2026-02-21T21:08:57.238Z",
    "codigo": "DP-A-02",
    "nombre": "Depósito Principal · A M02",
    "tipo": "MODULO",
    "padre": 6,
    "pasillo": "A",
    "modulo": 2,
    "nivel": null,
    "posicion": null,
    "permite_transferencias": false,
    "referencia": "",
    "descripcion": "",
    "is_active": true
  }
},
{
  "model": "inventario.ubicacion",
  "pk": 24,
  "fields": {
    "created_at": "2026-02-21T21:08:57.238Z",
    "updated_at": "2026-02-21T21:08:57.238Z",
    "codigo": "DP-A-02-01",
    "nombre": "Depósito Principal · A M02 N01",
    "tipo": "NIVEL",
    "padre": 23,
    "pasillo": "A",
    "modulo": 2,
    "nivel": 1,
    "posicion": null,
    "permite_transferencias": false,
    "referencia": "",
    "descripcion": "",
    "is_active": true
  }
},
{
  "model": "inventario.ubicacion",
  "pk": 25,
  "fields": {
    "created_at": "2026-02-21T21:08:57.238Z",
    "updated_at": "2026-02-21T21:08:57.238Z",
    "codigo": "DP-A-02-01-01",
    "nombre": "Depósito Principal · A M02 N01 P01",
    "tipo": "POSICION",
    "padre": 24,
    "pasillo": "A",
    "modulo": 2,
    "nivel": 1,
    "posicion": 1,
    "permite_transferencias": true,
    "referencia": "",
    "descripcion": "",
    "is_active": true
  }
},
{
  "model": "inventario.ubicacion",
  "pk": 26,
  "fields": {
    "created_at": "2026-02-21T21:08:57.238Z",
    "updated_at": "2026-02-21T21:08:57.238Z",
    "codigo": "DP-A-02-01-02",
    "nombre": "Depósito Principal · A M02 N01 P02",
    "tipo": "POSICION",
    "padre": 24,
    "pasillo": "A",
    "modulo": 2,
    "nivel": 1,
    "posicion": 2,
    "permite_transferencias": true,
    "referencia": "",
    "descripcion": "",
    "is_active": true
  }
},
{
  "model": "inventario.ubicacion",
  "pk": 27,
  "fields": {
    "created_at": "2026-02-21T21:08:57.238Z",
    "updated_at": "2026-02-21T21:08:57.238Z",
    "codigo": "DP-A-02-01-03",
    "nombre": "Depósito Principal · A M02 N01 P03",
    "tipo": "POSICION",
    "padre": 24,
    "pasillo": "A",
    "modulo": 2,
    "nivel": 1,
    "posicion": 3,
    "permite_transferencias": true,
    "referencia": "",
    "descripcion": "",
    "is_active": true
  }
},
{
  "model": "inventario.ubicacion",
  "pk": 28,
  "fields": {
    "created_at": "2026-02-21T21:08:57.238Z",
    "updated_at": "2026-02-21T21:08:57.238Z",
    "codigo": "DP-A-02-01-04",
    "nombre": "Depósito Principal · A M02 N01 P04",
    "tipo": "POSICION",
    "padre": 24,
    "pasillo": "A",
    "modulo": 2,
    "nivel": 1,
    "posicion": 4,
    "permite_transferencias": true,
    "referencia": "",
    "descripcion": "",
    "is_active": true
  }
},
{
  "model": "inventario.ubicacion",
  "pk": 29,
  "fields": {
    "created_at": "2026-02-21T21:08:57.238Z",
    "updated_at": "2026-02-21T21:08:57.238Z",
    "codigo": "DP-A-02-02",
    "nombre": "Depósito Principal · A M02 N02",
    "tipo": "NIVEL",
    "padre": 23,
    "pasillo": "A",
    "modulo": 2,
    "nivel": 2,
    "posicion": null,
    "permite_transferencias": false,
    "referencia": "",
    "descripcion": "",
    "is_active": true
  }
},
{
  "model": "inventario.ubicacion",
  "pk": 30,
  "fields": {
    "created_at": "2026-02-21T21:08:57.254Z",
    "updated_at": "2026-02-21T21:08:57.254Z",
    "codigo": "DP-A-02-02-01",
    "nombre": "Depósito Principal · A M02 N02 P01",
    "tipo": "POSICION",
    "padre": 29,
    "pasillo": "A",
    "modulo": 2,
    "nivel": 2,
    "posicion": 1,
    "permite_transferencias": true,
    "referencia": "",
    "descripcion": "",
    "is_active": true
  }
},
{
  "model": "inventario.ubicacion",
  "pk": 31,
  "fields": {
    "created_at": "2026-02-21T21:08:57.254Z",
    "updated_at": "2026-02-21T21:08:57.254Z",
    "codigo": "DP-A-02-02-02",
    "nombre": "Depósito Principal · A M02 N02 P02",
    "tipo": "POSICION",
    "padre": 29,
    "pasillo": "A",
    "modulo": 2,
    "nivel": 2,
    "posicion": 2,
    "permite_transferencias": true,
    "referencia": "",
    "descripcion": "",
    "is_active": true
  }
},
{
  "model": "inventario.ubicacion",
  "pk": 32,
  "fields": {
    "created_at": "2026-02-21T21:08:57.256Z",
    "updated_at": "2026-02-21T21:08:57.256Z",
    "codigo": "DP-A-02-02-03",
    "nombre": "Depósito Principal · A M02 N02 P03",
    "tipo": "POSICION",
    "padre": 29,
    "pasillo": "A",
    "modulo": 2,
    "nivel": 2,
    "posicion": 3,
    "permite_transferencias": true,
    "referencia": "",
    "descripcion": "",
    "is_active": true
  }
},
{
  "model": "inventario.ubicacion",
  "pk": 33,
  "fields": {
    "created_at": "2026-02-21T21:08:57.256Z",
    "updated_at": "2026-02-21T21:08:57.256Z",
    "codigo": "DP-A-02-02-04",
    "nombre": "Depósito Principal · A M02 N02 P04",
    "tipo": "POSICION",
    "padre": 29,
    "pasillo": "A",
    "modulo": 2,
    "nivel": 2,
    "posicion": 4,
    "permite_transferencias": true,
    "referencia": "",
    "descripcion": "",
    "is_active": true
  }
},
{
  "model": "inventario.ubicacion",
  "pk": 34,
  "fields": {
    "created_at": "2026-02-21T21:08:57.256Z",
    "updated_at": "2026-02-21T21:08:57.256Z",
    "codigo": "DP-A-02-03",
    "nombre": "Depósito Principal · A M02 N03",
    "tipo": "NIVEL",
    "padre": 23,
    "pasillo": "A",
    "modulo": 2,
    "nivel": 3,
    "posicion": null,
    "permite_transferencias": false,
    "referencia": "",
    "descripcion": "",
    "is_active": true
  }
},
{
  "model": "inventario.ubicacion",
  "pk": 35,
  "fields": {
    "created_at": "2026-02-21T21:08:57.256Z",
    "updated_at": "2026-02-21T21:08:57.256Z",
    "codigo": "DP-A-02-03-01",
    "nombre": "Depósito Principal · A M02 N03 P01",
    "tipo": "POSICION",
    "padre": 34,
    "pasillo": "A",
    "modulo": 2,
    "nivel": 3,
    "posicion": 1,
    "permite_transferencias": true,
    "referencia": "",
    "descripcion": "",
    "is_active": true
  }
},
{
  "model": "inventario.ubicacion",
  "pk": 36,
  "fields": {
    "created_at": "2026-02-21T21:08:57.256Z",
    "updated_at": "2026-02-21T21:08:57.256Z",
    "codigo": "DP-A-02-03-02",
    "nombre": "Depósito Principal · A M02 N03 P02",
    "tipo": "POSICION",
    "padre": 34,
    "pasillo": "A",
    "modulo": 2,
    "nivel": 3,
    "posicion": 2,
    "permite_transferencias": true,
    "referencia": "",
    "descripcion": "",
    "is_active": true
  }
},
{
  "model": "inventario.ubicacion",
  "pk": 37,
  "fields": {
    "created_at": "2026-02-21T21:08:57.256Z",
    "updated_at": "2026-02-21T21:08:57.256Z",
    "codigo": "DP-A-02-03-03",
    "nombre": "Depósito Principal · A M02 N03 P03",
    "tipo": "POSICION",
    "padre": 34,
    "pasillo": "A",
    "modulo": 2,
    "nivel": 3,
    "posicion": 3,
    "permite_transferencias": true,
    "referencia": "",
    "descripcion": "",
    "is_active": true
  }
},
{
  "model": "inventario.ubicacion",
  "pk": 38,
  "fields": {
    "created_at": "2026-02-21T21:08:57.256Z",
    "updated_at": "2026-02-21T21:08:57.256Z",
    "codigo": "DP-A-02-03-04",
    "nombre": "Depósito Principal · A M02 N03 P04",
    "tipo": "POSICION",
    "padre": 34,
    "pasillo": "A",
    "modulo": 2,
    "nivel": 3,
    "posicion": 4,
    "permite_transferencias": true,
    "referencia": "",
    "descripcion": "",
    "is_active": true
  }
},
{
  "model": "inventario.ubicacion",
  "pk": 39,
  "fields": {
    "created_at": "2026-02-21T21:08:57.256Z",
    "updated_at": "2026-02-21T21:08:57.256Z",
    "codigo": "DP-B",
    "nombre": "Depósito Principal · Pasillo B",
    "tipo": "PASILLO",
    "padre": 4,
    "pasillo": "B",
    "modulo": null,
    "nivel": null,
    "posicion": null,
    "permite_transferencias": false,
    "referencia": "",
    "descripcion": "",
    "is_active": true
  }
},
{
  "model": "inventario.ubicacion",
  "pk": 40,
  "fields": {
    "created_at": "2026-02-21T21:08:57.256Z",
    "updated_at": "2026-02-21T21:08:57.256Z",
    "codigo": "DP-B-01",
    "nombre": "Depósito Principal · B M01",
    "tipo": "MODULO",
    "padre": 39,
    "pasillo": "B",
    "modulo": 1,
    "nivel": null,
    "posicion": null,
    "permite_transferencias": false,
    "referencia": "",
    "descripcion": "",
    "is_active": true
  }
},
{
  "model": "inventario.ubicacion",
  "pk": 41,
  "fields": {
    "created_at": "2026-02-21T21:08:57.256Z",
    "updated_at": "2026-02-21T21:08:57.256Z",
    "codigo": "DP-B-01-01",
    "nombre": "Depósito Principal · B M01 N01",
    "tipo": "NIVEL",
    "padre": 40,
    "pasillo": "B",
    "modulo": 1,
    "nivel": 1,
    "posicion": null,
    "permite_transferencias": false,
    "referencia": "",
    "descripcion": "",
    "is_active": true
  }
},
{
  "model": "inventario.ubicacion",
  "pk": 42,
  "fields": {
    "created_at": "2026-02-21T21:08:57.256Z",
    "updated_at": "2026-02-21T21:08:57.256Z",
    "codigo": "DP-B-01-01-01",
    "nombre": "Depósito Principal · B M01 N01 P01",
    "tipo": "POSICION",
    "padre": 41,
    "pasillo": "B",
    "modulo": 1,
    "nivel": 1,
    "posicion": 1,
    "permite_transferencias": true,
    "referencia": "",
    "descripcion": "",
    "is_active": true
  }
},
{
  "model": "inventario.ubicacion",
  "pk": 43,
  "fields": {
    "created_at": "2026-02-21T21:08:57.256Z",
    "updated_at": "2026-02-21T21:08:57.256Z",
    "codigo": "DP-B-01-01-02",
    "nombre": "Depósito Principal · B M01 N01 P02",
    "tipo": "POSICION",
    "padre": 41,
    "pasillo": "B",
    "modulo": 1,
    "nivel": 1,
    "posicion": 2,
    "permite_transferencias": true,
    "referencia": "",
    "descripcion": "",
    "is_active": true
  }
},
{
  "model": "inventario.ubicacion",
  "pk": 44,
  "fields": {
    "created_at": "2026-02-21T21:08:57.256Z",
    "updated_at": "2026-02-21T21:08:57.256Z",
    "codigo": "DP-B-01-01-03",
    "nombre": "Depósito Principal · B M01 N01 P03",
    "tipo": "POSICION",
    "padre": 41,
    "pasillo": "B",
    "modulo": 1,
    "nivel": 1,
    "posicion": 3,
    "permite_transferencias": true,
    "referencia": "",
    "descripcion": "",
    "is_active": true
  }
},
{
  "model": "inventario.ubicacion",
  "pk": 45,
  "fields": {
    "created_at": "2026-02-21T21:08:57.271Z",
    "updated_at": "2026-02-21T21:08:57.271Z",
    "codigo": "DP-B-01-01-04",
    "nombre": "Depósito Principal · B M01 N01 P04",
    "tipo": "POSICION",
    "padre": 41,
    "pasillo": "B",
    "modulo": 1,
    "nivel": 1,
    "posicion": 4,
    "permite_transferencias": true,
    "referencia": "",
    "descripcion": "",
    "is_active": true
  }
},
{
  "model": "inventario.ubicacion",
  "pk": 46,
  "fields": {
    "created_at": "2026-02-21T21:08:57.272Z",
    "updated_at": "2026-02-21T21:08:57.272Z",
    "codigo": "DP-B-01-02",
    "nombre": "Depósito Principal · B M01 N02",
    "tipo": "NIVEL",
    "padre": 40,
    "pasillo": "B",
    "modulo": 1,
    "nivel": 2,
    "posicion": null,
    "permite_transferencias": false,
    "referencia": "",
    "descripcion": "",
    "is_active": true
  }
},
{
  "model": "inventario.ubicacion",
  "pk": 47,
  "fields": {
    "created_at": "2026-02-21T21:08:57.273Z",
    "updated_at": "2026-02-21T21:08:57.273Z",
    "codigo": "DP-B-01-02-01",
    "nombre": "Depósito Principal · B M01 N02 P01",
    "tipo": "POSICION",
    "padre": 46,
    "pasillo": "B",
    "modulo": 1,
    "nivel": 2,
    "posicion": 1,
    "permite_transferencias": true,
    "referencia": "",
    "descripcion": "",
    "is_active": true
  }
},
{
  "model": "inventario.ubicacion",
  "pk": 48,
  "fields": {
    "created_at": "2026-02-21T21:08:57.275Z",
    "updated_at": "2026-02-21T21:08:57.275Z",
    "codigo": "DP-B-01-02-02",
    "nombre": "Depósito Principal · B M01 N02 P02",
    "tipo": "POSICION",
    "padre": 46,
    "pasillo": "B",
    "modulo": 1,
    "nivel": 2,
    "posicion": 2,
    "permite_transferencias": true,
    "referencia": "",
    "descripcion": "",
    "is_active": true
  }
},
{
  "model": "inventario.ubicacion",
  "pk": 49,
  "fields": {
    "created_at": "2026-02-21T21:08:57.276Z",
    "updated_at": "2026-02-21T21:08:57.276Z",
    "codigo": "DP-B-01-02-03",
    "nombre": "Depósito Principal · B M01 N02 P03",
    "tipo": "POSICION",
    "padre": 46,
    "pasillo": "B",
    "modulo": 1,
    "nivel": 2,
    "posicion": 3,
    "permite_transferencias": true,
    "referencia": "",
    "descripcion": "",
    "is_active": true
  }
},
{
  "model": "inventario.ubicacion",
  "pk": 50,
  "fields": {
    "created_at": "2026-02-21T21:08:57.277Z",
    "updated_at": "2026-02-21T21:08:57.277Z",
    "codigo": "DP-B-01-02-04",
    "nombre": "Depósito Principal · B M01 N02 P04",
    "tipo": "POSICION",
    "padre": 46,
    "pasillo": "B",
    "modulo": 1,
    "nivel": 2,
    "posicion": 4,
    "permite_transferencias": true,
    "referencia": "",
    "descripcion": "",
    "is_active": true
  }
},
{
  "model": "inventario.ubicacion",
  "pk": 51,
  "fields": {
    "created_at": "2026-02-21T21:08:57.278Z",
    "updated_at": "2026-02-21T21:08:57.278Z",
    "codigo": "DP-B-01-03",
    "nombre": "Depósito Principal · B M01 N03",
    "tipo": "NIVEL",
    "padre": 40,
    "pasillo": "B",
    "modulo": 1,
    "nivel": 3,
    "posicion": null,
    "permite_transferencias": false,
    "referencia": "",
    "descripcion": "",
    "is_active": true
  }
},
{
  "model": "inventario.ubicacion",
  "pk": 52,
  "fields": {
    "created_at": "2026-02-21T21:08:57.279Z",
    "updated_at": "2026-02-21T21:08:57.279Z",
    "codigo": "DP-B-01-03-01",
    "nombre": "Depósito Principal · B M01 N03 P01",
    "tipo": "POSICION",
    "padre": 51,
    "pasillo": "B",
    "modulo": 1,
    "nivel": 3,
    "posicion": 1,
    "permite_transferencias": true,
    "referencia": "",
    "descripcion": "",
    "is_active": true
  }
},
{
  "model": "inventario.ubicacion",
  "pk": 53,
  "fields": {
    "created_at": "2026-02-21T21:08:57.280Z",
    "updated_at": "2026-02-21T21:08:57.280Z",
    "codigo": "DP-B-01-03-02",
    "nombre": "Depósito Principal · B M01 N03 P02",
    "tipo": "POSICION",
    "padre": 51,
    "pasillo": "B",
    "modulo": 1,
    "nivel": 3,
    "posicion": 2,
    "permite_transferencias": true,
    "referencia": "",
    "descripcion": "",
    "is_active": true
  }
},
{
  "model": "inventario.ubicacion",
  "pk": 54,
  "fields": {
    "created_at": "2026-02-21T21:08:57.280Z",
    "updated_at": "2026-02-21T21:08:57.280Z",
    "codigo": "DP-B-01-03-03",
    "nombre": "Depósito Principal · B M01 N03 P03",
    "tipo": "POSICION",
    "padre": 51,
    "pasillo": "B",
    "modulo": 1,
    "nivel": 3,
    "posicion": 3,
    "permite_transferencias": true,
    "referencia": "",
    "descripcion": "",
    "is_active": true
  }
},
{
  "model": "inventario.ubicacion",
  "pk": 55,
  "fields": {
    "created_at": "2026-02-21T21:08:57.280Z",
    "updated_at": "2026-02-21T21:08:57.280Z",
    "codigo": "DP-B-01-03-04",
    "nombre": "Depósito Principal · B M01 N03 P04",
    "tipo": "POSICION",
    "padre": 51,
    "pasillo": "B",
    "modulo": 1,
    "nivel": 3,
    "posicion": 4,
    "permite_transferencias": true,
    "referencia": "",
    "descripcion": "",
    "is_active": true
  }
},
{
  "model": "inventario.ubicacion",
  "pk": 56,
  "fields": {
    "created_at": "2026-02-21T21:08:57.280Z",
    "updated_at": "2026-02-21T21:08:57.280Z",
    "codigo": "DP-B-02",
    "nombre": "Depósito Principal · B M02",
    "tipo": "MODULO",
    "padre": 39,
    "pasillo": "B",
    "modulo": 2,
    "nivel": null,
    "posicion": null,
    "permite_transferencias": false,
    "referencia": "",
    "descripcion": "",
    "is_active": true
  }
},
{
  "model": "inventario.ubicacion",
  "pk": 57,
  "fields": {
    "created_at": "2026-02-21T21:08:57.280Z",
    "updated_at": "2026-02-21T21:08:57.280Z",
    "codigo": "DP-B-02-01",
    "nombre": "Depósito Principal · B M02 N01",
    "tipo": "NIVEL",
    "padre": 56,
    "pasillo": "B",
    "modulo": 2,
    "nivel": 1,
    "posicion": null,
    "permite_transferencias": false,
    "referencia": "",
    "descripcion": "",
    "is_active": true
  }
},
{
  "model": "inventario.ubicacion",
  "pk": 58,
  "fields": {
    "created_at": "2026-02-21T21:08:57.280Z",
    "updated_at": "2026-02-21T21:08:57.280Z",
    "codigo": "DP-B-02-01-01",
    "nombre": "Depósito Principal · B M02 N01 P01",
    "tipo": "POSICION",
    "padre": 57,
    "pasillo": "B",
    "modulo": 2,
    "nivel": 1,
    "posicion": 1,
    "permite_transferencias": true,
    "referencia": "",
    "descripcion": "",
    "is_active": true
  }
},
{
  "model": "inventario.ubicacion",
  "pk": 59,
  "fields": {
    "created_at": "2026-02-21T21:08:57.280Z",
    "updated_at": "2026-02-21T21:08:57.280Z",
    "codigo": "DP-B-02-01-02",
    "nombre": "Depósito Principal · B M02 N01 P02",
    "tipo": "POSICION",
    "padre": 57,
    "pasillo": "B",
    "modulo": 2,
    "nivel": 1,
    "posicion": 2,
    "permite_transferencias": true,
    "referencia": "",
    "descripcion": "",
    "is_active": true
  }
},
{
  "model": "inventario.ubicacion",
  "pk": 60,
  "fields": {
    "created_at": "2026-02-21T21:08:57.280Z",
    "updated_at": "2026-02-21T21:08:57.280Z",
    "codigo": "DP-B-02-01-03",
    "nombre": "Depósito Principal · B M02 N01 P03",
    "tipo": "POSICION",
    "padre": 57,
    "pasillo": "B",
    "modulo": 2,
    "nivel": 1,
    "posicion": 3,
    "permite_transferencias": true,
    "referencia": "",
    "descripcion": "",
    "is_active": true
  }
},
{
  "model": "inventario.ubicacion",
  "pk": 61,
  "fields": {
    "created_at": "2026-02-21T21:08:57.290Z",
    "updated_at": "2026-02-21T21:08:57.290Z",
    "codigo": "DP-B-02-01-04",
    "nombre": "Depósito Principal · B M02 N01 P04",
    "tipo": "POSICION",
    "padre": 57,
    "pasillo": "B",
    "modulo": 2,
    "nivel": 1,
    "posicion": 4,
    "permite_transferencias": true,
    "referencia": "",
    "descripcion": "",
    "is_active": true
  }
},
{
  "model": "inventario.ubicacion",
  "pk": 62,
  "fields": {
    "created_at": "2026-02-21T21:08:57.291Z",
    "updated_at": "2026-02-21T21:08:57.291Z",
    "codigo": "DP-B-02-02",
    "nombre": "Depósito Principal · B M02 N02",
    "tipo": "NIVEL",
    "padre": 56,
    "pasillo": "B",
    "modulo": 2,
    "nivel": 2,
    "posicion": null,
    "permite_transferencias": false,
    "referencia": "",
    "descripcion": "",
    "is_active": true
  }
},
{
  "model": "inventario.ubicacion",
  "pk": 63,
  "fields": {
    "created_at": "2026-02-21T21:08:57.293Z",
    "updated_at": "2026-02-21T21:08:57.293Z",
    "codigo": "DP-B-02-02-01",
    "nombre": "Depósito Principal · B M02 N02 P01",
    "tipo": "POSICION",
    "padre": 62,
    "pasillo": "B",
    "modulo": 2,
    "nivel": 2,
    "posicion": 1,
    "permite_transferencias": true,
    "referencia": "",
    "descripcion": "",
    "is_active": true
  }
},
{
  "model": "inventario.ubicacion",
  "pk": 64,
  "fields": {
    "created_at": "2026-02-21T21:08:57.294Z",
    "updated_at": "2026-02-21T21:08:57.294Z",
    "codigo": "DP-B-02-02-02",
    "nombre": "Depósito Principal · B M02 N02 P02",
    "tipo": "POSICION",
    "padre": 62,
    "pasillo": "B",
    "modulo": 2,
    "nivel": 2,
    "posicion": 2,
    "permite_transferencias": true,
    "referencia": "",
    "descripcion": "",
    "is_active": true
  }
},
{
  "model": "inventario.ubicacion",
  "pk": 65,
  "fields": {
    "created_at": "2026-02-21T21:08:57.295Z",
    "updated_at": "2026-02-21T21:08:57.295Z",
    "codigo": "DP-B-02-02-03",
    "nombre": "Depósito Principal · B M02 N02 P03",
    "tipo": "POSICION",
    "padre": 62,
    "pasillo": "B",
    "modulo": 2,
    "nivel": 2,
    "posicion": 3,
    "permite_transferencias": true,
    "referencia": "",
    "descripcion": "",
    "is_active": true
  }
},
{
  "model": "inventario.ubicacion",
  "pk": 66,
  "fields": {
    "created_at": "2026-02-21T21:08:57.296Z",
    "updated_at": "2026-02-21T21:08:57.296Z",
    "codigo": "DP-B-02-02-04",
    "nombre": "Depósito Principal · B M02 N02 P04",
    "tipo": "POSICION",
    "padre": 62,
    "pasillo": "B",
    "modulo": 2,
    "nivel": 2,
    "posicion": 4,
    "permite_transferencias": true,
    "referencia": "",
    "descripcion": "",
    "is_active": true
  }
},
{
  "model": "inventario.ubicacion",
  "pk": 67,
  "fields": {
    "created_at": "2026-02-21T21:08:57.297Z",
    "updated_at": "2026-02-21T21:08:57.298Z",
    "codigo": "DP-B-02-03",
    "nombre": "Depósito Principal · B M02 N03",
    "tipo": "NIVEL",
    "padre": 56,
    "pasillo": "B",
    "modulo": 2,
    "nivel": 3,
    "posicion": null,
    "permite_transferencias": false,
    "referencia": "",
    "descripcion": "",
    "is_active": true
  }
},
{
  "model": "inventario.ubicacion",
  "pk": 68,
  "fields": {
    "created_at": "2026-02-21T21:08:57.299Z",
    "updated_at": "2026-02-21T21:08:57.299Z",
    "codigo": "DP-B-02-03-01",
    "nombre": "Depósito Principal · B M02 N03 P01",
    "tipo": "POSICION",
    "padre": 67,
    "pasillo": "B",
    "modulo": 2,
    "nivel": 3,
    "posicion": 1,
    "permite_transferencias": true,
    "referencia": "",
    "descripcion": "",
    "is_active": true
  }
},
{
  "model": "inventario.ubicacion",
  "pk": 69,
  "fields": {
    "created_at": "2026-02-21T21:08:57.300Z",
    "updated_at": "2026-02-21T21:08:57.300Z",
    "codigo": "DP-B-02-03-02",
    "nombre": "Depósito Principal · B M02 N03 P02",
    "tipo": "POSICION",
    "padre": 67,
    "pasillo": "B",
    "modulo": 2,
    "nivel": 3,
    "posicion": 2,
    "permite_transferencias": true,
    "referencia": "",
    "descripcion": "",
    "is_active": true
  }
},
{
  "model": "inventario.ubicacion",
  "pk": 70,
  "fields": {
    "created_at": "2026-02-21T21:08:57.301Z",
    "updated_at": "2026-02-21T21:08:57.301Z",
    "codigo": "DP-B-02-03-03",
    "nombre": "Depósito Principal · B M02 N03 P03",
    "tipo": "POSICION",
    "padre": 67,
    "pasillo": "B",
    "modulo": 2,
    "nivel": 3,
    "posicion": 3,
    "permite_transferencias": true,
    "referencia": "",
    "descripcion": "",
    "is_active": true
  }
},
{
  "model": "inventario.ubicacion",
  "pk": 71,
  "fields": {
    "created_at": "2026-02-21T21:08:57.302Z",
    "updated_at": "2026-02-21T21:08:57.302Z",
    "codigo": "DP-B-02-03-04",
    "nombre": "Depósito Principal · B M02 N03 P04",
    "tipo": "POSICION",
    "padre": 67,
    "pasillo": "B",
    "modulo": 2,
    "nivel": 3,
    "posicion": 4,
    "permite_transferencias": true,
    "referencia": "",
    "descripcion": "",
    "is_active": true
  }
},
{
  "model": "inventario.producto",
  "pk": 1,
  "fields": {
    "created_at": "2026-02-20T22:03:45.713Z",
    "updated_at": "2026-02-20T22:03:45.713Z",
    "codigo": "DEMO-REP-0001",
    "nombre": "Filtro de aceite",
    "descripcion": "Filtro estándar motor",
    "categoria": 1,
    "subcategoria": 1,
    "unidad_medida": 1,
    "proveedor": 1,
    "stock_minimo": "2.000",
    "maneja_vencimiento": false,
    "is_active": true
  }
},
{
  "model": "inventario.producto",
  "pk": 2,
  "fields": {
    "created_at": "2026-02-20T22:03:45.720Z",
    "updated_at": "2026-02-20T22:03:45.720Z",
    "codigo": "DEMO-REP-0002",
    "nombre": "Pastillas de freno",
    "descripcion": "Juego delantero",
    "categoria": 1,
    "subcategoria": 2,
    "unidad_medida": 1,
    "proveedor": 2,
    "stock_minimo": "4.000",
    "maneja_vencimiento": false,
    "is_active": true
  }
},
{
  "model": "inventario.producto",
  "pk": 3,
  "fields": {
    "created_at": "2026-02-20T22:03:45.725Z",
    "updated_at": "2026-02-25T08:42:07.683Z",
    "codigo": "DEMO-LUB-0001",
    "nombre": "Aceite 15W40 (4L)",
    "descripcion": "Lubricante diesel",
    "categoria": 2,
    "subcategoria": 3,
    "unidad_medida": 2,
    "proveedor": 1,
    "stock_minimo": "10.000",
    "maneja_vencimiento": false,
    "is_active": true
  }
},
{
  "model": "inventario.producto",
  "pk": 4,
  "fields": {
    "created_at": "2026-02-20T22:03:45.729Z",
    "updated_at": "2026-02-20T22:03:45.729Z",
    "codigo": "DEMO-SEG-0001",
    "nombre": "Guantes de nitrilo",
    "descripcion": "Caja x100",
    "categoria": 3,
    "subcategoria": 4,
    "unidad_medida": 3,
    "proveedor": 2,
    "stock_minimo": "1.000",
    "maneja_vencimiento": false,
    "is_active": true
  }
},
{
  "model": "inventario.producto",
  "pk": 5,
  "fields": {
    "created_at": "2026-02-25T08:44:28.302Z",
    "updated_at": "2026-02-25T08:44:28.302Z",
    "codigo": "ACEITEPATITO-LUB-0001",
    "nombre": "Aceite 20W40 (200L)",
    "descripcion": "tacho",
    "categoria": 2,
    "subcategoria": 3,
    "unidad_medida": 2,
    "proveedor": 1,
    "stock_minimo": "10000.000",
    "maneja_vencimiento": false,
    "is_active": true
  }
},
{
  "model": "inventario.producto",
  "pk": 6,
  "fields": {
    "created_at": "2026-02-25T11:46:51.061Z",
    "updated_at": "2026-02-25T11:46:51.061Z",
    "codigo": "ACEITEPATITO-0001",
    "nombre": "Aceite 19W40 (4L)",
    "descripcion": "aceite 200 litros",
    "categoria": 2,
    "subcategoria": 3,
    "unidad_medida": 2,
    "proveedor": 1,
    "stock_minimo": "1000.000",
    "maneja_vencimiento": false,
    "is_active": true
  }
},
{
  "model": "inventario.stockactual",
  "pk": 1,
  "fields": {
    "created_at": "2026-02-20T22:03:45.715Z",
    "updated_at": "2026-02-20T22:03:45.715Z",
    "producto": 1,
    "ubicacion": 1,
    "cantidad": "19.000",
    "last_movement_at": "2026-02-25T11:41:14.822Z"
  }
},
{
  "model": "inventario.stockactual",
  "pk": 2,
  "fields": {
    "created_at": "2026-02-20T22:03:45.716Z",
    "updated_at": "2026-02-20T22:03:45.716Z",
    "producto": 1,
    "ubicacion": 2,
    "cantidad": "7.000",
    "last_movement_at": "2026-02-21T00:23:29.815Z"
  }
},
{
  "model": "inventario.stockactual",
  "pk": 3,
  "fields": {
    "created_at": "2026-02-20T22:03:45.717Z",
    "updated_at": "2026-02-20T22:03:45.718Z",
    "producto": 1,
    "ubicacion": 3,
    "cantidad": "2.000",
    "last_movement_at": "2026-02-21T00:23:29.816Z"
  }
},
{
  "model": "inventario.stockactual",
  "pk": 4,
  "fields": {
    "created_at": "2026-02-20T22:03:45.721Z",
    "updated_at": "2026-02-20T22:03:45.721Z",
    "producto": 2,
    "ubicacion": 1,
    "cantidad": "19.000",
    "last_movement_at": "2026-02-25T02:07:55.430Z"
  }
},
{
  "model": "inventario.stockactual",
  "pk": 5,
  "fields": {
    "created_at": "2026-02-20T22:03:45.722Z",
    "updated_at": "2026-02-20T22:03:45.722Z",
    "producto": 2,
    "ubicacion": 2,
    "cantidad": "7.000",
    "last_movement_at": "2026-02-21T00:23:29.821Z"
  }
},
{
  "model": "inventario.stockactual",
  "pk": 6,
  "fields": {
    "created_at": "2026-02-20T22:03:45.723Z",
    "updated_at": "2026-02-20T22:03:45.723Z",
    "producto": 2,
    "ubicacion": 3,
    "cantidad": "2.000",
    "last_movement_at": "2026-02-21T00:23:29.822Z"
  }
},
{
  "model": "inventario.stockactual",
  "pk": 7,
  "fields": {
    "created_at": "2026-02-20T22:03:45.726Z",
    "updated_at": "2026-02-20T22:03:45.726Z",
    "producto": 3,
    "ubicacion": 1,
    "cantidad": "0.000",
    "last_movement_at": "2026-02-25T02:09:08.483Z"
  }
},
{
  "model": "inventario.stockactual",
  "pk": 8,
  "fields": {
    "created_at": "2026-02-20T22:03:45.727Z",
    "updated_at": "2026-02-20T22:03:45.727Z",
    "producto": 3,
    "ubicacion": 2,
    "cantidad": "7.000",
    "last_movement_at": "2026-02-21T00:23:29.826Z"
  }
},
{
  "model": "inventario.stockactual",
  "pk": 9,
  "fields": {
    "created_at": "2026-02-20T22:03:45.728Z",
    "updated_at": "2026-02-20T22:03:45.728Z",
    "producto": 3,
    "ubicacion": 3,
    "cantidad": "2.000",
    "last_movement_at": "2026-02-21T00:23:29.827Z"
  }
},
{
  "model": "inventario.stockactual",
  "pk": 10,
  "fields": {
    "created_at": "2026-02-20T22:03:45.730Z",
    "updated_at": "2026-02-20T22:03:45.730Z",
    "producto": 4,
    "ubicacion": 1,
    "cantidad": "5.000",
    "last_movement_at": "2026-02-23T15:48:53.012Z"
  }
},
{
  "model": "inventario.stockactual",
  "pk": 11,
  "fields": {
    "created_at": "2026-02-20T22:03:45.731Z",
    "updated_at": "2026-02-20T22:03:45.731Z",
    "producto": 4,
    "ubicacion": 2,
    "cantidad": "7.000",
    "last_movement_at": "2026-02-21T00:23:29.827Z"
  }
},
{
  "model": "inventario.stockactual",
  "pk": 12,
  "fields": {
    "created_at": "2026-02-20T22:03:45.732Z",
    "updated_at": "2026-02-20T22:03:45.732Z",
    "producto": 4,
    "ubicacion": 3,
    "cantidad": "2.000",
    "last_movement_at": "2026-02-21T00:23:29.827Z"
  }
},
{
  "model": "inventario.stockactual",
  "pk": 13,
  "fields": {
    "created_at": "2026-02-23T15:46:01.327Z",
    "updated_at": "2026-02-23T15:46:01.327Z",
    "producto": 2,
    "ubicacion": 9,
    "cantidad": "4.000",
    "last_movement_at": "2026-02-23T15:46:01.328Z"
  }
},
{
  "model": "inventario.stockactual",
  "pk": 14,
  "fields": {
    "created_at": "2026-02-23T15:46:44.507Z",
    "updated_at": "2026-02-23T15:46:44.507Z",
    "producto": 3,
    "ubicacion": 9,
    "cantidad": "4.000",
    "last_movement_at": "2026-02-23T15:46:44.508Z"
  }
},
{
  "model": "inventario.stockactual",
  "pk": 15,
  "fields": {
    "created_at": "2026-02-23T15:48:53.029Z",
    "updated_at": "2026-02-23T15:48:53.029Z",
    "producto": 4,
    "ubicacion": 17,
    "cantidad": "20.000",
    "last_movement_at": "2026-02-23T15:48:53.030Z"
  }
},
{
  "model": "inventario.stockactual",
  "pk": 16,
  "fields": {
    "created_at": "2026-02-25T00:52:48.518Z",
    "updated_at": "2026-02-25T00:52:48.518Z",
    "producto": 4,
    "ubicacion": 7,
    "cantidad": "3.000",
    "last_movement_at": "2026-02-25T00:54:52.332Z"
  }
},
{
  "model": "inventario.stockactual",
  "pk": 17,
  "fields": {
    "created_at": "2026-02-25T00:53:34.236Z",
    "updated_at": "2026-02-25T00:53:34.236Z",
    "producto": 2,
    "ubicacion": 7,
    "cantidad": "10.000",
    "last_movement_at": "2026-02-25T00:53:34.237Z"
  }
},
{
  "model": "inventario.stockactual",
  "pk": 18,
  "fields": {
    "created_at": "2026-02-25T00:54:15.516Z",
    "updated_at": "2026-02-25T00:54:15.516Z",
    "producto": 2,
    "ubicacion": 11,
    "cantidad": "11.000",
    "last_movement_at": "2026-02-25T00:54:15.518Z"
  }
},
{
  "model": "inventario.stockactual",
  "pk": 19,
  "fields": {
    "created_at": "2026-02-25T02:09:08.484Z",
    "updated_at": "2026-02-25T02:09:08.484Z",
    "producto": 3,
    "ubicacion": 10,
    "cantidad": "44.000",
    "last_movement_at": "2026-02-25T22:37:12.466Z"
  }
},
{
  "model": "inventario.stockactual",
  "pk": 20,
  "fields": {
    "created_at": "2026-02-25T02:23:57.068Z",
    "updated_at": "2026-02-25T02:23:57.068Z",
    "producto": 1,
    "ubicacion": 11,
    "cantidad": "6.000",
    "last_movement_at": "2026-02-25T04:41:31.886Z"
  }
},
{
  "model": "inventario.movimientostock",
  "pk": 1,
  "fields": {
    "created_at": "2026-02-20T22:03:45.719Z",
    "updated_at": "2026-02-20T22:03:45.719Z",
    "producto": 1,
    "ubicacion": 1,
    "colectivo": null,
    "tipo": "INGRESO",
    "cantidad": "10.000",
    "fecha": "2026-02-20T22:03:45.719Z",
    "ubicacion_destino": null,
    "proveedor": 1,
    "referencia": "Carga DEMO",
    "observaciones": "Movimiento demo (ingreso)",
    "usuario": null,
    "lote": "",
    "fecha_vencimiento": null
  }
},
{
  "model": "inventario.movimientostock",
  "pk": 2,
  "fields": {
    "created_at": "2026-02-20T22:03:45.724Z",
    "updated_at": "2026-02-20T22:03:45.724Z",
    "producto": 2,
    "ubicacion": 1,
    "colectivo": null,
    "tipo": "INGRESO",
    "cantidad": "10.000",
    "fecha": "2026-02-20T22:03:45.724Z",
    "ubicacion_destino": null,
    "proveedor": 2,
    "referencia": "Carga DEMO",
    "observaciones": "Movimiento demo (ingreso)",
    "usuario": null,
    "lote": "",
    "fecha_vencimiento": null
  }
},
{
  "model": "inventario.movimientostock",
  "pk": 3,
  "fields": {
    "created_at": "2026-02-20T22:03:45.728Z",
    "updated_at": "2026-02-20T22:03:45.728Z",
    "producto": 3,
    "ubicacion": 1,
    "colectivo": null,
    "tipo": "INGRESO",
    "cantidad": "10.000",
    "fecha": "2026-02-20T22:03:45.728Z",
    "ubicacion_destino": null,
    "proveedor": 1,
    "referencia": "Carga DEMO",
    "observaciones": "Movimiento demo (ingreso)",
    "usuario": null,
    "lote": "",
    "fecha_vencimiento": null
  }
},
{
  "model": "inventario.movimientostock",
  "pk": 4,
  "fields": {
    "created_at": "2026-02-20T22:03:45.733Z",
    "updated_at": "2026-02-20T22:03:45.733Z",
    "producto": 4,
    "ubicacion": 1,
    "colectivo": null,
    "tipo": "INGRESO",
    "cantidad": "10.000",
    "fecha": "2026-02-20T22:03:45.733Z",
    "ubicacion_destino": null,
    "proveedor": 2,
    "referencia": "Carga DEMO",
    "observaciones": "Movimiento demo (ingreso)",
    "usuario": null,
    "lote": "",
    "fecha_vencimiento": null
  }
},
{
  "model": "inventario.movimientostock",
  "pk": 5,
  "fields": {
    "created_at": "2026-02-20T22:03:46.937Z",
    "updated_at": "2026-02-20T22:03:46.937Z",
    "producto": 1,
    "ubicacion": 1,
    "colectivo": null,
    "tipo": "INGRESO",
    "cantidad": "10.000",
    "fecha": "2026-02-20T22:03:46.937Z",
    "ubicacion_destino": null,
    "proveedor": 1,
    "referencia": "Carga DEMO",
    "observaciones": "Movimiento demo (ingreso)",
    "usuario": null,
    "lote": "",
    "fecha_vencimiento": null
  }
},
{
  "model": "inventario.movimientostock",
  "pk": 6,
  "fields": {
    "created_at": "2026-02-20T22:03:46.943Z",
    "updated_at": "2026-02-20T22:03:46.943Z",
    "producto": 2,
    "ubicacion": 1,
    "colectivo": null,
    "tipo": "INGRESO",
    "cantidad": "10.000",
    "fecha": "2026-02-20T22:03:46.943Z",
    "ubicacion_destino": null,
    "proveedor": 2,
    "referencia": "Carga DEMO",
    "observaciones": "Movimiento demo (ingreso)",
    "usuario": null,
    "lote": "",
    "fecha_vencimiento": null
  }
},
{
  "model": "inventario.movimientostock",
  "pk": 7,
  "fields": {
    "created_at": "2026-02-20T22:03:46.947Z",
    "updated_at": "2026-02-20T22:03:46.947Z",
    "producto": 3,
    "ubicacion": 1,
    "colectivo": null,
    "tipo": "INGRESO",
    "cantidad": "10.000",
    "fecha": "2026-02-20T22:03:46.947Z",
    "ubicacion_destino": null,
    "proveedor": 1,
    "referencia": "Carga DEMO",
    "observaciones": "Movimiento demo (ingreso)",
    "usuario": null,
    "lote": "",
    "fecha_vencimiento": null
  }
},
{
  "model": "inventario.movimientostock",
  "pk": 8,
  "fields": {
    "created_at": "2026-02-20T22:03:46.947Z",
    "updated_at": "2026-02-20T22:03:46.947Z",
    "producto": 4,
    "ubicacion": 1,
    "colectivo": null,
    "tipo": "INGRESO",
    "cantidad": "10.000",
    "fecha": "2026-02-20T22:03:46.947Z",
    "ubicacion_destino": null,
    "proveedor": 2,
    "referencia": "Carga DEMO",
    "observaciones": "Movimiento demo (ingreso)",
    "usuario": null,
    "lote": "",
    "fecha_vencimiento": null
  }
},
{
  "model": "inventario.movimientostock",
  "pk": 9,
  "fields": {
    "created_at": "2026-02-21T00:23:29.818Z",
    "updated_at": "2026-02-21T00:23:29.818Z",
    "producto": 1,
    "ubicacion": 1,
    "colectivo": null,
    "tipo": "INGRESO",
    "cantidad": "10.000",
    "fecha": "2026-02-21T00:23:29.818Z",
    "ubicacion_destino": null,
    "proveedor": 1,
    "referencia": "Carga DEMO",
    "observaciones": "Movimiento demo (ingreso)",
    "usuario": null,
    "lote": "",
    "fecha_vencimiento": null
  }
},
{
  "model": "inventario.movimientostock",
  "pk": 10,
  "fields": {
    "created_at": "2026-02-21T00:23:29.823Z",
    "updated_at": "2026-02-21T00:23:29.823Z",
    "producto": 2,
    "ubicacion": 1,
    "colectivo": null,
    "tipo": "INGRESO",
    "cantidad": "10.000",
    "fecha": "2026-02-21T00:23:29.823Z",
    "ubicacion_destino": null,
    "proveedor": 2,
    "referencia": "Carga DEMO",
    "observaciones": "Movimiento demo (ingreso)",
    "usuario": null,
    "lote": "",
    "fecha_vencimiento": null
  }
},
{
  "model": "inventario.movimientostock",
  "pk": 11,
  "fields": {
    "created_at": "2026-02-21T00:23:29.827Z",
    "updated_at": "2026-02-21T00:23:29.827Z",
    "producto": 3,
    "ubicacion": 1,
    "colectivo": null,
    "tipo": "INGRESO",
    "cantidad": "10.000",
    "fecha": "2026-02-21T00:23:29.827Z",
    "ubicacion_destino": null,
    "proveedor": 1,
    "referencia": "Carga DEMO",
    "observaciones": "Movimiento demo (ingreso)",
    "usuario": null,
    "lote": "",
    "fecha_vencimiento": null
  }
},
{
  "model": "inventario.movimientostock",
  "pk": 12,
  "fields": {
    "created_at": "2026-02-21T00:23:29.827Z",
    "updated_at": "2026-02-21T00:23:29.827Z",
    "producto": 4,
    "ubicacion": 1,
    "colectivo": null,
    "tipo": "INGRESO",
    "cantidad": "10.000",
    "fecha": "2026-02-21T00:23:29.827Z",
    "ubicacion_destino": null,
    "proveedor": 2,
    "referencia": "Carga DEMO",
    "observaciones": "Movimiento demo (ingreso)",
    "usuario": null,
    "lote": "",
    "fecha_vencimiento": null
  }
},
{
  "model": "inventario.movimientostock",
  "pk": 13,
  "fields": {
    "created_at": "2026-02-23T15:07:50.349Z",
    "updated_at": "2026-02-23T15:35:24.293Z",
    "producto": 3,
    "ubicacion": 1,
    "colectivo": 16,
    "tipo": "INGRESO",
    "cantidad": "20.000",
    "fecha": "2026-02-23T15:07:50.349Z",
    "ubicacion_destino": null,
    "proveedor": null,
    "referencia": "INT-1",
    "observaciones": "si se cambio",
    "usuario": null,
    "lote": "",
    "fecha_vencimiento": null
  }
},
{
  "model": "inventario.movimientostock",
  "pk": 14,
  "fields": {
    "created_at": "2026-02-23T15:46:01.318Z",
    "updated_at": "2026-02-23T15:46:01.318Z",
    "producto": 2,
    "ubicacion": 1,
    "colectivo": 16,
    "tipo": "TRANSFERENCIA",
    "cantidad": "4.000",
    "fecha": "2026-02-23T15:46:01.318Z",
    "ubicacion_destino": 9,
    "proveedor": null,
    "referencia": "INT-1",
    "observaciones": "sisisecambio",
    "usuario": null,
    "lote": "",
    "fecha_vencimiento": "2026-02-28"
  }
},
{
  "model": "inventario.movimientostock",
  "pk": 15,
  "fields": {
    "created_at": "2026-02-23T15:46:44.502Z",
    "updated_at": "2026-02-23T15:46:44.502Z",
    "producto": 3,
    "ubicacion": 9,
    "colectivo": 16,
    "tipo": "AJUSTE",
    "cantidad": "4.000",
    "fecha": "2026-02-23T15:46:44.502Z",
    "ubicacion_destino": null,
    "proveedor": 1,
    "referencia": "INT-1",
    "observaciones": "se vence",
    "usuario": null,
    "lote": "",
    "fecha_vencimiento": "2026-03-01"
  }
},
{
  "model": "inventario.movimientostock",
  "pk": 16,
  "fields": {
    "created_at": "2026-02-23T15:48:53.012Z",
    "updated_at": "2026-02-23T15:48:53.012Z",
    "producto": 4,
    "ubicacion": 1,
    "colectivo": 17,
    "tipo": "TRANSFERENCIA",
    "cantidad": "20.000",
    "fecha": "2026-02-23T15:48:53.012Z",
    "ubicacion_destino": 17,
    "proveedor": 1,
    "referencia": "INT-1",
    "observaciones": "listo",
    "usuario": null,
    "lote": "",
    "fecha_vencimiento": "2026-03-21"
  }
},
{
  "model": "inventario.movimientostock",
  "pk": 17,
  "fields": {
    "created_at": "2026-02-25T00:52:48.514Z",
    "updated_at": "2026-02-25T00:52:48.514Z",
    "producto": 4,
    "ubicacion": 7,
    "colectivo": 16,
    "tipo": "INGRESO",
    "cantidad": "4.000",
    "fecha": "2026-02-25T00:52:48.514Z",
    "ubicacion_destino": null,
    "proveedor": null,
    "referencia": "INT-2",
    "observaciones": "",
    "usuario": null,
    "lote": "",
    "fecha_vencimiento": null
  }
},
{
  "model": "inventario.movimientostock",
  "pk": 18,
  "fields": {
    "created_at": "2026-02-25T00:53:34.232Z",
    "updated_at": "2026-02-25T00:53:34.232Z",
    "producto": 2,
    "ubicacion": 7,
    "colectivo": 16,
    "tipo": "INGRESO",
    "cantidad": "10.000",
    "fecha": "2026-02-25T00:53:34.232Z",
    "ubicacion_destino": null,
    "proveedor": null,
    "referencia": "INT-1",
    "observaciones": "",
    "usuario": null,
    "lote": "",
    "fecha_vencimiento": null
  }
},
{
  "model": "inventario.movimientostock",
  "pk": 19,
  "fields": {
    "created_at": "2026-02-25T00:54:15.512Z",
    "updated_at": "2026-02-25T00:54:15.512Z",
    "producto": 2,
    "ubicacion": 11,
    "colectivo": 21,
    "tipo": "INGRESO",
    "cantidad": "11.000",
    "fecha": "2026-02-25T00:54:15.512Z",
    "ubicacion_destino": null,
    "proveedor": null,
    "referencia": "INT-1",
    "observaciones": "m",
    "usuario": null,
    "lote": "",
    "fecha_vencimiento": null
  }
},
{
  "model": "inventario.movimientostock",
  "pk": 20,
  "fields": {
    "created_at": "2026-02-25T00:54:52.325Z",
    "updated_at": "2026-02-25T00:54:52.325Z",
    "producto": 4,
    "ubicacion": 7,
    "colectivo": 17,
    "tipo": "EGRESO",
    "cantidad": "1.000",
    "fecha": "2026-02-25T00:54:52.325Z",
    "ubicacion_destino": null,
    "proveedor": null,
    "referencia": "INT-1",
    "observaciones": "",
    "usuario": null,
    "lote": "",
    "fecha_vencimiento": null
  }
},
{
  "model": "inventario.movimientostock",
  "pk": 21,
  "fields": {
    "created_at": "2026-02-25T02:07:55.425Z",
    "updated_at": "2026-02-25T02:07:55.425Z",
    "producto": 2,
    "ubicacion": 1,
    "colectivo": 16,
    "tipo": "EGRESO",
    "cantidad": "2.000",
    "fecha": "2026-02-25T02:07:55.426Z",
    "ubicacion_destino": null,
    "proveedor": null,
    "referencia": "INT-1",
    "observaciones": "",
    "usuario": null,
    "lote": "",
    "fecha_vencimiento": null
  }
},
{
  "model": "inventario.movimientostock",
  "pk": 22,
  "fields": {
    "created_at": "2026-02-25T02:09:08.478Z",
    "updated_at": "2026-02-25T02:09:08.478Z",
    "producto": 3,
    "ubicacion": 1,
    "colectivo": 16,
    "tipo": "TRANSFERENCIA",
    "cantidad": "45.000",
    "fecha": "2026-02-25T02:09:08.478Z",
    "ubicacion_destino": 10,
    "proveedor": null,
    "referencia": "INT-2",
    "observaciones": "",
    "usuario": null,
    "lote": "",
    "fecha_vencimiento": null
  }
},
{
  "model": "inventario.movimientostock",
  "pk": 23,
  "fields": {
    "created_at": "2026-02-25T02:23:57.063Z",
    "updated_at": "2026-02-25T02:23:57.063Z",
    "producto": 1,
    "ubicacion": 11,
    "colectivo": 16,
    "tipo": "INGRESO",
    "cantidad": "10.000",
    "fecha": "2026-02-25T02:23:57.063Z",
    "ubicacion_destino": null,
    "proveedor": null,
    "referencia": "INT-2",
    "observaciones": "",
    "usuario": null,
    "lote": "",
    "fecha_vencimiento": null
  }
},
{
  "model": "inventario.movimientostock",
  "pk": 24,
  "fields": {
    "created_at": "2026-02-25T04:41:31.881Z",
    "updated_at": "2026-02-25T04:41:31.881Z",
    "producto": 1,
    "ubicacion": 11,
    "colectivo": 16,
    "tipo": "EGRESO",
    "cantidad": "4.000",
    "fecha": "2026-02-25T04:41:31.881Z",
    "ubicacion_destino": null,
    "proveedor": null,
    "referencia": "INT-1",
    "observaciones": "si aca si",
    "usuario": null,
    "lote": "",
    "fecha_vencimiento": null
  }
},
{
  "model": "inventario.movimientostock",
  "pk": 25,
  "fields": {
    "created_at": "2026-02-25T08:38:02.912Z",
    "updated_at": "2026-02-25T08:38:02.912Z",
    "producto": 1,
    "ubicacion": 1,
    "colectivo": 18,
    "tipo": "EGRESO",
    "cantidad": "4.000",
    "fecha": "2026-02-25T08:38:02.912Z",
    "ubicacion_destino": null,
    "proveedor": null,
    "referencia": "",
    "observaciones": "sisecambio",
    "usuario": null,
    "lote": "",
    "fecha_vencimiento": null
  }
},
{
  "model": "inventario.movimientostock",
  "pk": 26,
  "fields": {
    "created_at": "2026-02-25T11:41:14.817Z",
    "updated_at": "2026-02-25T11:41:14.817Z",
    "producto": 1,
    "ubicacion": 1,
    "colectivo": 17,
    "tipo": "EGRESO",
    "cantidad": "2.000",
    "fecha": "2026-02-25T11:41:14.817Z",
    "ubicacion_destino": null,
    "proveedor": null,
    "referencia": "si",
    "observaciones": "bien",
    "usuario": null,
    "lote": "",
    "fecha_vencimiento": null
  }
},
{
  "model": "inventario.movimientostock",
  "pk": 27,
  "fields": {
    "created_at": "2026-02-25T22:37:12.462Z",
    "updated_at": "2026-02-25T22:37:12.462Z",
    "producto": 3,
    "ubicacion": 10,
    "colectivo": 21,
    "tipo": "EGRESO",
    "cantidad": "1.000",
    "fecha": "2026-02-25T22:37:12.462Z",
    "ubicacion_destino": null,
    "proveedor": null,
    "referencia": "cambio de aceite y filtro",
    "observaciones": "",
    "usuario": null,
    "lote": "",
    "fecha_vencimiento": null
  }
},
{
  "model": "adjuntos.productoimagen",
  "pk": 1,
  "fields": {
    "producto": 3,
    "imagen": "productos/DEMO-LUB-0001/00.jpg",
    "titulo": "Aceite 15W40 (4L)",
    "orden": 0,
    "created_at": "2026-02-25T08:42:07.714Z"
  }
},
{
  "model": "adjuntos.productoimagen",
  "pk": 2,
  "fields": {
    "producto": 5,
    "imagen": "productos/ACEITEPATITO-LUB-0001/01.jpg",
    "titulo": "",
    "orden": 1,
    "created_at": "2026-02-25T08:44:28.328Z"
  }
},
{
  "model": "adjuntos.productoimagen",
  "pk": 3,
  "fields": {
    "producto": 6,
    "imagen": "productos/ACEITEPATITO-0001/01.jpg",
    "titulo": "",
    "orden": 1,
    "created_at": "2026-02-25T11:46:51.093Z"
  }
}
]
